Signal Date,Signal Time,Ticker,Category,Call/Put,Bullish/Bearish,Strike,Expiry,Premium,Confidence,Conviction Score,Algo Version,Signal Quality,Biddie Pick,Price at Signal,Entry Trigger,Entry Price,Target,Target Near,Invalidation,Gamma Zone,Gamma Description,Reason,Suggested Trade,Trade Status,Outcome,MFE %,Max Favorable Price,Entry Price Reached,Invalidation Breached,Review Status,Review Note,Reviewed At
03/26/2026,2:19 PM ET,BE,whale,call,bullish,130.00,"April 17, 2026",1845390.00,7.00,70,v2,,f,132.44,On bounce from VWAP ($138.19) — Near $132.44,,$135.09,$139.06,Below $129.79,,,"$1.8M premium flow at $130 calls with 100% ask aggression. Price at $133.21 below VWAP ($138.19). Price action confirmed: Support Bounce + 2 Green Bars at $132.1 (higher low, higher high — confirmed).",,watching,hit,,,f,f,,,
03/26/2026,2:19 PM ET,GLD,algorithm,put,bearish,403.00,"April 8, 2026",489240.00,6.00,60,v2,,f,402.36,Below $403,403,$394.94,,Above $411.06,,,$489K premium sweep at $403 puts with 62% ask aggression.,,miss,missed,37.33,399.59,t,t,correct,,03/30/2026 1:30 AM ET
03/26/2026,2:19 PM ET,MU,algorithm,call,bullish,340.00,"April 17, 2026",645397.00,6.00,60,v2,,f,354.31,Above $340,,$361.40,$372.03,Below $333.20,,,$645K premium flow at $340 calls with 100% ask aggression.,,watching,hit,,,f,f,,,
03/26/2026,2:23 PM ET,MRVL,algorithm,put,bearish,98.00,"April 10, 2026",949560.00,8.00,80,v2,,t,98.13,Below VWAP ($99.06) — Near $98.13,,$98.00,$96.04,Above $100.09,,,$950K premium flow at $98 puts with 97% ask aggression. Price at $97.91 below VWAP ($99.06). Negative gamma zone — moves will be amplified.,,watching,hit,,,f,f,,,
03/26/2026,2:23 PM ET,IREN,algorithm,call,bullish,38.00,"April 17, 2026",445479.00,7.00,70,v2,,f,37.82,Near $37.82 (no VWAP data),38,$38.58,$39.71,Below $37.06,,,$445K premium flow at $38 calls with 100% ask aggression.,,partial_hit,partial_hit,65.79,38.50,t,t,,,
03/26/2026,4:47 PM ET,SPXW,algorithm,call,bullish,6450.00,"April 17, 2026",635600.00,6.00,60,v2,,f,,Above $6450,6450,$6579.00,,Below $6321.00,,,$636K premium flow at $6450 calls with 100% ask aggression.,,hit,hit,123.78,6609.67,t,t,,,
03/26/2026,10:13 PM ET,QQQ,whale,put,bearish,585.00,"April 17, 2026",1113555.00,8.00,80,v2,,t,575.75,Below VWAP ($579.01) — Near $575.75,,$564.24,$546.96,Above $587.26,,,"$1.1M premium flow at $585 puts with 96% ask aggression. Price at $573.54 below VWAP ($579.01). Negative gamma zone — moves will be amplified. Price action confirmed: SR Tag + 2 Red Bars at $573.43 (lower high, lower low — confirmed).",,watching,hit,,,f,f,,,
03/26/2026,10:13 PM ET,SPY,algorithm,put,bearish,626.00,"March 31, 2026",729875.00,7.00,70,v2,,f,647.27,At VWAP ($649.69) — Near $647.27,,$626.00,$613.48,Above $660.22,,,"$730K premium sweep at $626 puts with 100% ask aggression. Price at $645.09 below VWAP ($649.69). Price action confirmed: SR Tag + 2 Red Bars at $644.82 (lower high, lower low — confirmed).",,partial_hit,partial_hit,,,f,f,,,
03/27/2026,9:36 AM ET,SPY,whale,put,bearish,640.00,"April 30, 2026",2322384.00,9.00,90,v2,,t,640.98,At VWAP ($642.17) — Near $640.98,,$640.00,$627.20,Above $653.80,,,"$2.3M premium sweep at $640 puts with 100% ask aggression. Price at $640.93 below VWAP ($642.17). Negative gamma zone — moves will be amplified. Price action confirmed: SR Tag + 2 Red Bars at $641.65 (lower high, lower low — confirmed).",,watching,hit,,,f,f,,,
03/27/2026,9:36 AM ET,META,algorithm,put,bearish,587.50,"March 27, 2026",915000.00,6.00,60,v2,,f,536.96,Near $536.96 (no VWAP data),,$526.22,$510.11,Above $547.70,,,"$915K premium flow at $587.5 puts with 100% ask aggression. Price at $547.47 above VWAP ($540.51). Price action confirmed: SR Tag + 2 Red Bars at $543.35 (lower high, lower low — confirmed).",,watching,hit,,,f,f,,,
03/27/2026,9:40 AM ET,META,spread,put,bearish,587.50,"March 21, 2026",915000.00,7.00,70,v2,,f,537.13,At VWAP ($539.58) — Near $537.13,,$526.39,$510.27,Above $547.87,,,"META's strike on the institutional put is deep in-the-money at $587.50 with current price at $537.36, suggesting the flow may be a hedge rather than a directional short-term bet. With current price already $50 below the institutional strike and a near-term target of only S1 at $532.92, a tighter bear put spread centered around current price captures the actual expected move far more efficiently, reducing cost basis and premium decay risk on a position where the realistic downside target is modest.",,watching,hit,,,f,f,,,
03/27/2026,9:43 AM ET,IREN,algorithm,put,bearish,37.00,"April 17, 2026",537480.00,8.00,80,v2,,t,36.63,Below VWAP ($36.95) — Near $36.63,,$35.90,$34.80,Above $37.36,,,"$537K premium flow at $37 puts with 100% ask aggression. Price at $36.80 below VWAP ($36.95). Negative gamma zone — moves will be amplified. Price action confirmed: SR Tag + 2 Red Bars at $37 (lower high, lower low — confirmed).",,watching,hit,,,f,f,,,
03/27/2026,9:43 AM ET,GLD,whale,put,bearish,405.00,"March 31, 2026",1009992.00,7.00,70,v2,,f,406.77,At VWAP ($406.38) — Near $406.77,,$405.00,$396.90,Above $414.91,,,$1.0M premium sweep at $405 puts with 100% ask aggression. Price at $405.70 below VWAP ($406.38). Negative gamma zone — moves will be amplified.,,partial_hit,partial_hit,,,f,f,,,
03/27/2026,9:51 AM ET,MSTR,algorithm,put,bearish,120.00,"April 2, 2026",421006.00,8.00,80,v2,,t,125.63,Below VWAP ($128.69) — Near $125.63,128.69125,$120.00,$117.60,Above $128.14,,,$421K premium sweep at $120 puts with 100% ask aggression. Price at $127.26 below VWAP ($128.69).,,hit,hit,139.96,117.75,t,t,,,
03/27/2026,9:51 AM ET,GOOGL,algorithm,call,bullish,275.00,"March 27, 2026",411987.00,7.00,70,v2,,f,277.25,At VWAP ($276.96) — Near $277.25,,$282.80,$291.11,Below $271.70,,,"$412K premium flow at $275 calls with 100% ask aggression. Price at $277.79 above VWAP ($276.96). Negative gamma zone — moves will be amplified. Price action confirmed: Support Bounce + 2 Green Bars at $276.97 (higher low, higher high — confirmed).",,watching,missed,,,f,f,,,
03/27/2026,9:51 AM ET,SLV,algorithm,call,bullish,62.00,"April 2, 2026",376761.00,7.00,70,v2,,f,61.60,At VWAP ($61.64) — Near $61.60,,$62.00,$63.24,Below $60.37,,,"$377K premium flow at $62 calls with 100% ask aggression. Price at $61.87 above VWAP ($61.64). Negative gamma zone — moves will be amplified. Price action confirmed: Support Bounce + 2 Green Bars at $62 (higher low, higher high — confirmed).",,watching,hit,,,f,f,,,
03/27/2026,9:51 AM ET,COP,algorithm,call,bullish,140.00,"April 17, 2026",392677.00,6.00,60,v2,,f,134.56,Above VWAP ($133.57) — Near $134.56,133.57134,$140.00,$142.80,Below $131.87,,,"$393K premium flow at $140 calls with 100% ask aggression. Price at $133.54 below VWAP ($133.57). Price action confirmed: Support Bounce + 2 Green Bars at $133.55 (higher low, higher high — confirmed).",,miss,missed,30.70,136.23,t,t,,,
03/27/2026,9:56 AM ET,IWM,algorithm,put,bearish,234.00,"April 17, 2026",649813.00,9.00,90,v2,,t,244.52,Below VWAP ($245.91) — Near $244.52,245.91244,$234.00,$229.32,Above $249.41,,,"$650K premium sweep at $234 puts with 99% ask aggression. Price at $245.17 below VWAP ($245.91). Price action confirmed: SR Tag + 2 Red Bars at $245.78 (lower high, lower low — confirmed).",,miss,missed,58.08,238.41,t,t,,,
03/27/2026,9:56 AM ET,TSM,algorithm,call,bullish,332.50,"April 2, 2026",473208.00,7.00,70,v2,,f,322.95,On bounce from VWAP ($325.77) — Near $322.95,325.77,$332.50,$339.15,Below $316.49,,,$473K premium flow at $332.5 calls with 100% ask aggression. Price at $325.95 above VWAP ($325.77).,,hit,hit,76.26,333.79,t,t,correct,,03/30/2026 1:00 AM ET
03/27/2026,9:56 AM ET,TSLA,algorithm,put,bearish,335.00,"April 17, 2026",852137.00,7.00,70,v2,,f,362.56,Below VWAP ($365.84) — Near $362.56,365.84362,$335.00,$328.30,Above $369.81,,,$852K premium flow at $335 puts with 100% ask aggression. Price at $365.80 below VWAP ($365.84).,,miss,missed,38.24,352.02,t,t,,,
03/27/2026,9:56 AM ET,AMD,algorithm,put,bearish,175.00,"April 17, 2026",501097.00,6.00,60,v2,,f,198.37,Below VWAP ($201.41) — Near $198.37,201.41198,$175.00,$171.50,Above $202.34,,,$501K premium flow at $175 puts with 100% ask aggression. Price at $198.94 below VWAP ($201.41).,,miss,missed,2.91,197.69,t,t,,,
03/27/2026,10:08 AM ET,U,algorithm,call,bullish,20.00,"April 17, 2026",385685.00,6.00,60,v2,,f,18.88,Near $18.88 (no VWAP data),,$19.26,$19.82,Below $18.50,,,$386K premium flow at $20 calls with 96% ask aggression.,,watching,hit,,,f,f,,,
03/27/2026,10:12 AM ET,SPY,algorithm,put,bearish,639.00,"April 2, 2026",720196.00,8.00,80,v2,,t,639.71,At VWAP ($640.82) — Near $639.71,,$639.00,$626.22,Above $652.50,,,$720K premium flow at $639 puts with 100% ask aggression. Price at $638.86 below VWAP ($640.82). Negative gamma zone — moves will be amplified.,,watching,hit,,,f,f,,,
03/27/2026,10:12 AM ET,IBIT,algorithm,put,bearish,35.00,"May 1, 2026",925026.00,7.00,70,v2,,f,37.57,At VWAP ($37.72) — Near $37.57,37.7237,$35.00,$34.30,Above $38.32,,,$925K premium flow at $35 puts with 100% ask aggression. Price at $37.53 below VWAP ($37.72).,,miss,missed,17.12,37.13,t,t,,,
03/27/2026,10:16 AM ET,AG,algorithm,call,bullish,18.00,"April 17, 2026",812175.00,6.00,60,v2,,f,20.04,Near $20.04 (no VWAP data),,$20.44,$21.04,Below $19.64,,,$812K premium flow at $18 calls with 100% ask aggression.,,watching,hit,,,f,f,,,
03/27/2026,10:18 AM ET,NVDA,algorithm,put,bearish,170.00,"March 30, 2026",478639.00,8.00,80,v2,,t,168.73,Below VWAP ($169.65) — Near $168.73,,$165.36,$160.29,Above $172.10,,,$479K premium sweep at $170 puts with 100% ask aggression. Price at $168.89 below VWAP ($169.65). Negative gamma zone — moves will be amplified.,,partial_hit,partial_hit,,,f,f,,,
03/27/2026,10:23 AM ET,TSLA,whale,put,bearish,360.00,"April 10, 2026",1109919.00,7.00,70,v2,,f,363.59,Near $363.59 (no VWAP data),,$356.32,$345.41,Above $370.86,,,$1.1M premium flow at $360 puts with 100% ask aggression.,,partial_hit,partial_hit,39.36,359.47,f,f,,,
03/27/2026,10:23 AM ET,RKLB,algorithm,call,bullish,63.00,"March 27, 2026",275473.00,7.00,70,v2,,f,62.28,Near $62.28 (no VWAP data),,$63.53,$65.39,Below $61.03,,,$275K premium flow at $63 calls with 100% ask aggression.,,watching,hit,,,f,f,,,
03/27/2026,10:23 AM ET,INTU,algorithm,put,bearish,430.00,"April 17, 2026",359630.00,6.00,60,v2,,f,416.61,At VWAP ($416.58) — Near $416.61,,$408.28,$395.78,Above $424.94,,,$360K premium sweep at $430 puts with 78% ask aggression. Price at $412.04 below VWAP ($416.58).,,partial_hit,partial_hit,,,f,f,,,
03/27/2026,10:24 AM ET,GOOGL,algorithm,call,bullish,280.00,"April 17, 2026",264000.00,6.00,60,v2,,f,278.06,Near $278.06 (no VWAP data),280,$283.62,$291.96,Below $272.50,,,$264K premium flow at $280 calls with 100% ask aggression.,,hit,hit,375.17,283.99,t,t,,,
03/27/2026,10:32 AM ET,MRNA,algorithm,put,bearish,50.00,"April 17, 2026",326583.00,8.00,80,v2,,t,51.79,Below VWAP ($52.35) — Near $51.79,,$50.00,$49.00,Above $52.83,,,$327K premium flow at $50 puts with 100% ask aggression. Price at $51.60 below VWAP ($52.35).,,watching,hit,,,f,f,,,
03/27/2026,10:32 AM ET,SOFI,algorithm,put,bearish,15.00,"May 1, 2026",732683.00,7.00,70,v2,,f,15.38,At VWAP ($15.41) — Near $15.38,,$15.00,$14.70,Above $15.69,,,$733K premium flow at $15 puts with 100% ask aggression. Price at $15.36 below VWAP ($15.41).,,partial_hit,partial_hit,,,f,f,,,
03/27/2026,10:32 AM ET,CRCL,algorithm,call,bullish,97.00,"April 2, 2026",454658.00,6.00,60,v2,,f,93.70,On bounce from VWAP ($94.80) — Near $93.70,94.8093,$97.00,$98.94,Below $91.83,,,$455K premium flow at $97 calls with 100% ask aggression. Price at $93.29 below VWAP ($94.80).,,hit,hit,202.73,100.39,t,t,wrong,Invalidation OF 91.83 should be entry price and Target is the Entry Price of 93.70,03/30/2026 12:50 AM ET
03/27/2026,10:36 AM ET,GAP,algorithm,put,bearish,26.00,"April 17, 2026",455853.00,7.00,70,v2,,f,24.91,At VWAP ($25.00) — Near $24.91,25.0024,$24.41,$23.66,Above $25.41,,,$456K premium flow at $26 puts with 100% ask aggression. Price at $24.96 below VWAP ($25.00). Price action confirmed: SR Tag + Red Rejection at $24.93 (lower high — likely reversal).,,hit,hit,144.00,24.19,t,t,correct,FIXED IF PUT. price already at 24. Target is above entry. (Target should be 24.)  - overall direction of the move was right (down) ,03/30/2026 1:23 AM ET
03/27/2026,10:36 AM ET,CVNA,algorithm,call,bullish,295.00,"March 27, 2026",450000.00,7.00,70,v2,,f,301.52,Above VWAP ($299.59) — Near $301.52,,$307.55,$316.60,Below $295.49,,,$450K premium sweep at $295 calls with 100% ask aggression. Price at $303.08 above VWAP ($299.59).,,partial_hit,partial_hit,,,f,f,,,
03/27/2026,10:37 AM ET,TSM,whale,call,bullish,340.00,"April 17, 2026",2162339.00,7.00,70,v2,,f,322.64,Near $322.64 (no VWAP data),322.64,$329.09,$338.77,Below $316.19,,,$2.2M premium flow at $340 calls with 100% ask aggression.,,hit,hit,172.87,333.79,t,t,correct,,03/30/2026 1:01 AM ET
03/27/2026,10:37 AM ET,PLTR,algorithm,put,bearish,146.00,"April 2, 2026",436000.00,6.00,60,v2,,f,143.07,Near $143.07 (no VWAP data),,$140.21,$135.92,Above $145.93,,,$436K premium flow at $146 puts with 100% ask aggression.,,partial_hit,partial_hit,,,f,f,,,
03/27/2026,10:49 AM ET,GLD,whale,call,bullish,410.00,"April 2, 2026",1902383.00,8.00,80,v2,,t,410.93,Above VWAP ($408.05) — Near $410.93,,$419.15,$431.48,Below $402.71,,,"$1.9M premium flow at $410 calls with 100% ask aggression. Price at $410.00 above VWAP ($408.05). Negative gamma zone — moves will be amplified. Price action confirmed: Support Bounce + 2 Green Bars at $410 (higher low, higher high — confirmed).",,partial_hit,partial_hit,,,f,f,,,
03/27/2026,10:49 AM ET,SLV,algorithm,call,bullish,62.50,"April 2, 2026",755994.00,6.00,60,v2,,f,62.89,Above VWAP ($61.90) — Near $62.89,,$64.15,$66.03,Below $61.63,,,"$756K premium flow at $62.5 calls with 100% ask aggression. Price at $62.66 above VWAP ($61.90). Negative gamma zone — moves will be amplified. Price action confirmed: Support Bounce + 2 Green Bars at $62.49 (higher low, higher high — confirmed).",,watching,hit,,,f,f,,,
03/27/2026,10:52 AM ET,TSLA,algorithm,put,bearish,355.00,"April 10, 2026",588770.00,6.00,60,v2,,f,365.38,Near $365.38 (no VWAP data),365.38,$358.07,$347.11,Above $372.69,,,$589K premium flow at $355 puts with 100% ask aggression.,,hit,hit,105.47,357.67,t,t,correct,,03/30/2026 12:45 AM ET
03/27/2026,10:56 AM ET,SPY,algorithm,call,bullish,642.00,"March 27, 2026",327003.00,6.00,60,v2,,f,640.19,Near $640.19 (no VWAP data),,$652.99,$672.20,Below $627.39,,,$327K premium flow at $642 calls with 100% ask aggression.,,watching,missed,,,f,f,,,
03/27/2026,10:56 AM ET,NOW,algorithm,call,bullish,100.00,"April 17, 2026",930500.00,6.00,60,v2,,f,99.01,Near $99.01 (no VWAP data),,$100.99,$103.96,Below $97.03,,,$931K premium flow at $100 calls with 100% ask aggression.,,watching,hit,,,f,f,,,
03/27/2026,11:26 AM ET,FCX,whale,call,bullish,59.00,"April 17, 2026",1074974.00,7.00,70,v2,,f,56.99,Above VWAP ($55.72) — Near $56.99,55.7256,$59.00,$60.18,Below $55.85,,,"$1.1M premium flow at $59 calls with 100% ask aggression. Price at $56.69 above VWAP ($55.72). Price action confirmed: Support Bounce + 2 Green Bars at $56.4 (higher low, higher high — confirmed).",,miss,missed,57.71,58.15,t,t,,,
03/27/2026,11:26 AM ET,QQQ,algorithm,put,bearish,570.00,"March 27, 2026",685582.00,7.00,70,v2,,f,568.45,At VWAP ($568.14) — Near $568.45,,$557.08,$540.03,Above $579.82,,,$686K premium sweep at $570 puts with 98% ask aggression. Price at $567.21 below VWAP ($568.14). Negative gamma zone — moves will be amplified.,,partial_hit,partial_hit,,,f,f,,,
03/27/2026,11:26 AM ET,MSTR,algorithm,put,bearish,125.00,"April 10, 2026",897245.00,7.00,70,v2,,f,126.69,At VWAP ($126.26) — Near $126.69,,$125.00,$122.50,Above $129.22,,,$897K premium flow at $125 puts with 100% ask aggression. Price at $125.73 below VWAP ($126.26). Negative gamma zone — moves will be amplified.,,watching,hit,,,f,f,,,
03/27/2026,11:34 AM ET,XBI,algorithm,put,bearish,123.00,"April 17, 2026",479665.00,7.00,70,v2,,f,122.25,Near $122.25 (no VWAP data),,$119.80,$116.14,Above $124.70,,,$480K premium sweep at $123 puts with 100% ask aggression.,,watching,hit,,,f,f,,,
03/27/2026,11:44 AM ET,AMZN,algorithm,put,bearish,197.50,"April 17, 2026",538889.00,8.00,80,v2,,t,201.05,Below VWAP ($202.07) — Near $201.05,,$197.50,$193.55,Above $205.07,,,$539K premium flow at $197.5 puts with 100% ask aggression. Price at $201.05 below VWAP ($202.07). Negative gamma zone — moves will be amplified.,,partial_hit,partial_hit,,,f,f,,,
03/27/2026,11:44 AM ET,AMD,algorithm,call,bullish,220.00,"May 1, 2026",633146.00,6.00,60,v2,,f,200.96,At VWAP ($200.08) — Near $200.96,200.082,$220.00,$224.40,Below $196.94,,,$633K premium flow at $220 calls with 100% ask aggression. Price at $201.57 above VWAP ($200.08).,,miss,missed,39.23,208.43,t,t,correct,"Entry is great, Invalidation is Great, Target is a little far fetched but... next key level would be like 203.08",03/29/2026 11:52 PM ET
03/27/2026,11:46 AM ET,QQQ,algorithm,call,bullish,565.00,"April 2, 2026",360495.00,6.00,60,v2,,f,568.52,At VWAP ($568.20) — Near $568.52,568.2,$579.89,$596.95,Below $557.15,,,$360K premium flow at $565 calls with 68% ask aggression. Price at $568.18 below VWAP ($568.20). Negative gamma zone — moves will be amplified.,,miss,missed,,579.80,t,t,,,
03/27/2026,12:04 PM ET,NVDA,whale,call,bullish,170.00,"March 30, 2026",1051280.00,7.00,70,v2,,f,169.53,At VWAP ($169.19) — Near $169.53,,$170.00,$173.40,Below $166.14,,,$1.1M premium flow at $170 calls with 100% ask aggression. Price at $169.68 above VWAP ($169.19). Negative gamma zone — moves will be amplified.,,watching,missed,,,f,f,,,
03/27/2026,12:19 PM ET,SLV,algorithm,put,bearish,63.00,"April 2, 2026",379956.00,6.00,60,v2,,f,64.11,Near $64.11 (no VWAP data),63.14,$63.00,$61.74,Above $65.39,,,$380K premium flow at $63 puts with 100% ask aggression. Price at $63.98 above VWAP ($63.04). Negative gamma zone — moves will be amplified.,,hit,hit,345.92,60.59,t,t,,,
03/27/2026,12:46 PM ET,GLD,algorithm,call,bullish,416.00,"April 2, 2026",394940.00,8.00,80,v2,,t,415.24,Above VWAP ($412.20) — Near $415.24,,$416.00,$424.32,Below $406.94,,,$395K premium flow at $416 calls with 100% ask aggression. Price at $415.14 above VWAP ($412.20). Negative gamma zone — moves will be amplified.,,watching,hit,,,f,f,,,
03/27/2026,12:46 PM ET,QQQ,algorithm,call,bullish,567.00,"March 30, 2026",875107.00,7.00,70,v2,,f,567.29,At VWAP ($568.04) — Near $567.29,568.04,$578.64,$595.65,Below $555.94,,,$875K premium sweep at $567 calls with 53% ask aggression. Price at $566.38 below VWAP ($568.04). Negative gamma zone — moves will be amplified. Price action confirmed: Support Tag + Green Bounce at $566.08 (higher low — likely reversal).,,hit,hit,2164.52,579.80,t,t,wrong,,03/29/2026 11:23 PM ET
03/27/2026,12:46 PM ET,MRNA,algorithm,call,bullish,51.00,"April 10, 2026",381865.00,7.00,70,v2,,f,50.46,Near $50.46 (no VWAP data),,$51.47,$52.98,Below $49.45,,,$382K premium flow at $51 calls with 100% ask aggression.,,watching,hit,,,f,f,,,
03/27/2026,12:46 PM ET,CRWD,algorithm,put,bearish,350.00,"April 17, 2026",590847.00,7.00,70,v2,,f,368.26,Near $368.26 (no VWAP data),368.26,$350.00,$343.00,Above $375.63,,,$591K premium flow at $350 puts with 100% ask aggression. Price at $368.56 above VWAP ($368.50).,,miss,missed,6.79,367.02,t,t,,,
03/27/2026,12:59 PM ET,PLTR,algorithm,call,bullish,144.00,"April 2, 2026",392874.00,7.00,70,v2,,f,143.41,Near $143.41 (no VWAP data),,$146.28,$150.58,Below $140.54,,,$393K premium flow at $144 calls with 97% ask aggression.,,partial_hit,partial_hit,,,f,f,,,
03/27/2026,12:59 PM ET,UUUU,algorithm,put,bearish,18.00,"April 17, 2026",512120.00,6.00,60,v2,,f,18.10,Near $18.10 (no VWAP data),,$17.74,$17.20,Above $18.46,,,$512K premium flow at $18 puts with 100% ask aggression.,,watching,hit,,,f,f,,,
03/27/2026,12:59 PM ET,XLF,algorithm,call,bullish,49.00,"April 17, 2026",405646.00,6.00,60,v2,,f,48.20,Near $48.20 (no VWAP data),49,$49.16,$50.61,Below $47.24,,,$406K premium flow at $49 calls with 100% ask aggression.,,hit,hit,142.31,49.33,t,t,,,
03/27/2026,1:04 PM ET,SNDK,algorithm,put,bearish,670.00,"April 2, 2026",915000.00,7.00,70,v2,,f,619.33,At VWAP ($620.73) — Near $619.33,,$606.94,$588.36,Above $631.72,,,"$915K premium flow at $670 puts with 75% ask aggression. Price at $619.11 below VWAP ($620.73). Price action confirmed: SR Tag + 2 Red Bars at $621.62 (lower high, lower low — confirmed).",,watching,hit,,,f,f,,,
03/27/2026,1:08 PM ET,UAL,algorithm,put,bearish,85.00,"April 17, 2026",639222.00,6.00,60,v2,,f,90.15,Near $90.15 (no VWAP data),90.15,$88.35,$85.64,Above $91.95,,,$639K premium flow at $85 puts with 100% ask aggression.,,hit,hit,142.78,87.58,t,t,correct,"FIXED Same issue. Price is at 90.15. Entry is incorrect, it should be around now as its at a major key level. Target is correct, invalidation should be like 90.78 (not under the entry) ",03/30/2026 1:21 AM ET
03/27/2026,1:20 PM ET,SPY,whale,put,bearish,652.00,"March 31, 2026",1634088.00,7.00,70,v2,,f,637.58,At VWAP ($640.06) — Near $637.58,640.06637,$624.83,$605.70,Above $650.33,,,"$1.6M premium flow at $652 puts with 99% ask aggression. Price at $638.45 below VWAP ($640.06). Price action confirmed: SR Tag + 2 Red Bars at $638.22 (lower high, lower low — confirmed).",,partial_hit,partial_hit,65.10,629.28,t,t,,,
03/27/2026,1:20 PM ET,HL,algorithm,call,bullish,18.00,"April 24, 2026",519350.00,6.00,60,v2,,f,17.88,Near $17.88 (no VWAP data),18,$18.24,$18.77,Below $17.52,,,$519K premium flow at $18 calls with 100% ask aggression.,,hit,hit,73.53,18.27,t,t,correct,"FIXED. Same issue. Price is at 17.88. Entry should be at VWAP, 17.74 Target is correct. Invalidation is correct. ",03/30/2026 1:20 AM ET
03/27/2026,1:20 PM ET,SPY,algorithm,call,bullish,630.00,"April 2, 2026",705000.00,6.00,60,v2,,f,637.58,At VWAP ($640.06) — Near $637.58,640.06637,$650.33,$669.46,Below $624.83,,,$705K premium flow at $630 calls with 100% ask aggression. Price at $638.45 below VWAP ($640.06). Negative gamma zone — moves will be amplified.,,hit,hit,109.49,651.54,t,f,,,
03/27/2026,1:24 PM ET,META,whale,call,bullish,525.00,"April 2, 2026",1243629.00,6.00,60,v2,,f,525.71,Near $525.71 (no VWAP data),,$536.22,$552.00,Below $515.20,,,$1.2M premium flow at $525 calls with 99% ask aggression.,,watching,hit,,,f,f,,,
03/27/2026,1:28 PM ET,SLV,whale,put,bearish,62.50,"April 2, 2026",1099994.00,6.00,60,v2,,f,63.06,Near $63.06 (no VWAP data),,$61.80,$59.91,Above $64.32,,,$1.1M premium flow at $62.5 puts with 100% ask aggression.,,watching,hit,,,f,f,,,
03/27/2026,1:29 PM ET,IWM,algorithm,put,bearish,241.00,"April 6, 2026",570506.00,10.00,100,v2,,t,243.78,Near $243.78 (no VWAP data),243.78,$238.90,$231.59,Above $248.66,,,$571K premium flow at $241 puts with 97% ask aggression.,,hit,hit,104.30,238.69,t,t,correct,"Same issue. Price is at 243.78. Entry is below price at 241.  (SHOULD BE NOW) Invalidation is above price at 245, Should be around 243-244. ",03/30/2026 1:19 AM ET
03/27/2026,1:29 PM ET,GLD,whale,put,bearish,415.00,"April 2, 2026",2434340.00,8.00,80,v2,,t,412.79,Near $412.79 (no VWAP data),,$404.53,$392.15,Above $421.05,,,$2.4M premium flow at $415 puts with 80% ask aggression. Price at $413.18 above VWAP ($412.54). Negative gamma zone — moves will be amplified.,,partial_hit,partial_hit,,,f,f,,,
03/27/2026,1:29 PM ET,AAPL,whale,call,bullish,262.50,"April 17, 2026",1194996.00,8.00,80,v2,,t,250.41,On bounce from VWAP ($253.39) — Near $250.41,253.3925,$262.50,$267.75,Below $245.40,,,$1.2M premium sweep at $262.5 calls with 100% ask aggression. Price at $251.95 below VWAP ($253.39).,,miss,missed,47.73,256.18,t,t,wrong,How is this a HIT? Price was at 251 and price is not 247 and its a call? ,03/30/2026 1:07 AM ET
03/27/2026,1:29 PM ET,SPX,algorithm,put,bearish,5700.00,"April 17, 2026",644680.00,7.00,70,v2,,f,6398.53,Near $6398.53 (no VWAP data),6398.53,$6270.56,$6078.60,Above $6526.50,,,$645K premium flow at $5700 puts with 100% ask aggression.,,miss,missed,63.78,6316.91,t,t,,,
03/27/2026,2:33 PM ET,USO,algorithm,call,bullish,122.00,"April 17, 2026",950819.00,6.00,60,v2,,f,123.61,Near $123.61 (no VWAP data),,$126.08,$129.79,Below $121.14,,,$951K premium sweep at $122 calls with 95% ask aggression.,,partial_hit,partial_hit,,,f,f,,,
03/27/2026,2:33 PM ET,RIVN,algorithm,call,bullish,15.00,"May 1, 2026",427986.00,6.00,60,v2,,f,14.87,Near $14.87 (no VWAP data),,$15.17,$15.61,Below $14.57,,,$428K premium flow at $15 calls with 100% ask aggression.,,watching,hit,,,f,f,,,
03/27/2026,2:45 PM ET,IWM,whale,put,bearish,240.00,"March 31, 2026",1557206.00,7.00,70,v2,,f,243.72,At VWAP ($244.93) — Near $243.72,244.93243,$240.00,$235.20,Above $248.59,,,$1.6M premium sweep at $240 puts with 89% ask aggression. Price at $243.97 below VWAP ($244.93). Negative gamma zone — moves will be amplified.,,hit,hit,101.88,239.93,t,f,correct,,03/30/2026 1:04 AM ET
03/27/2026,2:45 PM ET,BMNR,algorithm,put,bearish,16.00,"May 1, 2026",421100.00,6.00,60,v2,,f,18.48,Near $18.48 (no VWAP data),18.48,$18.11,$17.56,Above $18.85,,,$421K premium flow at $16 puts with 100% ask aggression.,,partial_hit,partial_hit,54.05,18.28,t,t,correct,"Price is at $18.48, Entry is incorrect. Invalidation is Incorrect. Target is correct. Entry should be at time of price and invalidation should be above vwap at 18.59",03/30/2026 1:15 AM ET
03/27/2026,2:46 PM ET,MU,algorithm,call,bullish,357.50,"April 2, 2026",520000.00,6.00,60,v2,,f,357.55,Near $357.55 (no VWAP data),,$364.70,$375.43,Below $350.40,,,$520K premium flow at $357.5 calls with 80% ask aggression.,,watching,hit,,,f,f,,,
03/27/2026,3:09 PM ET,SPY,algorithm,put,bearish,604.00,"April 17, 2026",669000.00,8.00,80,v2,,t,634.72,Below VWAP ($638.83) — Near $634.72,638.83634,$604.00,$591.92,Above $647.41,,,$669K premium sweep at $604 puts with 100% ask aggression. Price at $634.67 below VWAP ($638.83).,,miss,missed,17.71,629.28,t,t,correct,,03/30/2026 12:17 AM ET
03/27/2026,3:09 PM ET,NEM,algorithm,call,bullish,102.00,"April 24, 2026",480780.00,8.00,80,v2,,t,101.82,At VWAP ($101.61) — Near $101.82,,$104.04,$102.00,Below $99.78,,,$481K premium flow at $102 calls with 100% ask aggression. Price at $101.96 above VWAP ($101.61). Negative gamma zone — moves will be amplified.,,partial_hit,partial_hit,,,f,f,,,
03/27/2026,3:09 PM ET,AMD,algorithm,put,bearish,197.50,"April 17, 2026",680220.00,7.00,70,v2,,f,201.30,Near $201.30 (no VWAP data),,$197.50,$193.55,Above $205.33,,,$680K premium flow at $197.5 puts with 100% ask aggression. Price at $201.38 above VWAP ($200.76). Negative gamma zone — moves will be amplified.,,partial_hit,partial_hit,,,f,f,,,
03/27/2026,3:15 PM ET,IWM,algorithm,put,bearish,237.00,"March 31, 2026",479034.00,8.00,80,v2,,t,243.65,At VWAP ($244.81) — Near $243.65,244.81243,$237.00,$232.26,Above $248.52,,,$479K premium sweep at $237 puts with 100% ask aggression. Price at $243.43 below VWAP ($244.81).,,partial_hit,partial_hit,78.80,238.41,t,t,,,
03/27/2026,3:15 PM ET,SPY,algorithm,put,bearish,600.00,"April 17, 2026",309651.00,7.00,70,v2,,f,635.41,Below VWAP ($638.75) — Near $635.41,638.75635,$600.00,$588.00,Above $648.12,,,$310K premium flow at $600 puts with 100% ask aggression. Price at $635.08 below VWAP ($638.75).,,miss,missed,17.31,629.28,t,t,correct,,03/30/2026 1:33 AM ET
03/27/2026,3:41 PM ET,QQQ,algorithm,put,bearish,550.00,"April 17, 2026",421197.00,6.00,60,v2,,f,562.60,Below VWAP ($566.57) — Near $562.60,566.57562,$550.00,$539.00,Above $573.85,,,$421K premium flow at $550 puts with 94% ask aggression. Price at $563.01 below VWAP ($566.57).,,miss,missed,56.43,555.49,t,t,,,
03/27/2026,5:08 PM ET,NVDA,spread,put,bearish,170.00,"March 21, 2026",661850.00,7.00,70,v2,,f,167.48,Below VWAP ($168.64) — Near $167.48,,$164.13,$159.11,Above $170.83,,,"NVDA IV is historically elevated given recent volatility around the $170 strike, making outright puts expensive relative to the defined move. With current price at $167.58 already below the $170 strike and the signal targeting only S1 at $169.41, a bear put spread reduces premium outlay and improves risk/reward by financing the long put with a short leg near a realistic downside target.",,watching,expired,,,f,f,,,
03/27/2026,7:10 PM ET,SPXW,whale,put,bearish,6600.00,"March 31, 2026",6881917.00,9.00,90,v2,,t,6368.85,Near $6368.85 (no VWAP data),6368.85,$6241.47,$6050.41,Above $6496.23,,,$6.9M premium flow at $6600 puts with 83% ask aggression.,,miss,missed,40.78,6316.91,t,t,,,
03/27/2026,7:10 PM ET,SPY,algorithm,put,bearish,677.00,"April 3, 2026",649428.00,6.00,60,v2,,f,632.71,Below VWAP ($637.37) — Near $632.71,637.37632,$620.06,$601.07,Above $645.36,,,$649K premium flow at $677 puts with 52% ask aggression. Price at $632.80 below VWAP ($637.37).,,miss,missed,27.11,629.28,t,t,wrong,,03/30/2026 12:12 AM ET
03/27/2026,8:03 PM ET,SLV,algorithm,call,bullish,70.00,"April 3, 2026",420000.00,6.00,60,v2,,f,63.44,Near $63.44 (no VWAP data),,$70.00,$71.40,Below $62.17,,,$420K premium flow at $70 calls with 100% ask aggression.,,expired,expired,,,f,f,,,
03/27/2026,11:42 PM ET,NVDA,algorithm,put,bearish,170.00,"March 30, 2026",661850.00,6.00,60,v2,,f,167.33,Below $170,170,$163.98,,Above $173.40,,,$662K premium sweep at $170 puts with 55% ask aggression.,,miss,missed,26.27,166.45,t,t,,,
03/30/2026,9:36 AM ET,IWM,whale,put,bearish,232.00,"April 3, 2026",2671953.00,8.00,80,v2,strong,t,244.03,Whale sweep at $244.03,244.03,PDL at $242.41,S1 at $241.42,Above Pivot at $244.08,,,"$2.7M put flow at $232 strike with 100% ask aggression. Price at $244.03 below VWAP ($244.79). Price action confirmed: SR Tag + 2 Red Bars at $245.75 (lower high, lower low — confirmed).",,hit,hit,108.64,242.27,t,t,,,
03/30/2026,9:36 AM ET,SLV,algorithm,call,bullish,65.00,"April 3, 2026",911284.00,7.00,70,v2,moderate,f,64.11,Whale sweep at $64.11,64.11,VWAP at $64.38,PDH at $64.88,Below Pivot at $63.18,,,$911K call sweep at $65 strike with 100% ask aggression. Price at $64.11 below VWAP ($64.38). Negative gamma zone — moves will be amplified.,,hit,hit,192.59,64.63,t,f,,,
03/30/2026,9:36 AM ET,GLD,whale,call,bullish,420.00,"April 3, 2026",1787185.00,7.00,70,v2,moderate,f,418.22,Whale sweep at $418.22,418.22,PDH at $418.40,VWAP at $419.00,Below Pivot at $412.84,,,$1.8M call flow at $420 strike with 100% ask aggression. Price at $418.22 below VWAP ($419.00). Negative gamma zone — moves will be amplified.,,hit,hit,1044.44,420.10,t,f,,,
03/30/2026,9:36 AM ET,TSLA,algorithm,put,bearish,360.00,"April 3, 2026",697360.00,6.00,60,v2,moderate,f,364.81,Whale sweep at $364.81,364.81,Pivot at $363.72,Strike at $360.00,Above R1 at $367.97,,,$697K put sweep at $360 strike with 100% ask aggression. Price at $364.81 below VWAP ($364.82). Negative gamma zone — moves will be amplified.,,hit,hit,166.06,363.00,t,f,,,
03/30/2026,9:36 AM ET,TQQQ,algorithm,call,bullish,40.00,"April 3, 2026",590175.00,6.00,60,v2,moderate,f,39.49,At VWAP ($39.54) — Near $39.49,39.5439,VWAP at $39.54,Strike at $40.00,Below Pivot at $39.31,,,$590K call flow at $40 strike with 100% ask aggression. Price at $39.49 below VWAP ($39.54). Negative gamma zone — moves will be amplified.,,hit,hit,840.00,39.91,t,f,,,
03/30/2026,9:39 AM ET,AMZN,algorithm,call,bullish,200.00,"April 1, 2026",553990.00,6.00,60,v2,moderate,f,201.60,Whale sweep at $201.60,201.6,Pivot at $201.69,R1 at $204.24,Below PDL at $199.14,,,$554K call sweep at $200 strike with 87% ask aggression. Price at $201.60 above VWAP ($201.55). Negative gamma zone — moves will be amplified.,,hit,hit,833.33,202.35,t,f,,,
03/30/2026,9:44 AM ET,PLTR,algorithm,put,bearish,130.00,"April 3, 2026",839582.00,7.00,70,v2,moderate,f,142.67,At VWAP ($143.06) — Near $142.67,143.06142,PDL at $141.56,S1 at $141.10,Above Pivot at $143.53,,,$840K put flow at $130 strike with 100% ask aggression. Price at $142.67 below VWAP ($143.06).,,hit,hit,167.57,140.81,t,t,,,
03/30/2026,9:44 AM ET,GLD,spread,call,bullish,420.00,"April 17, 2026",1787185.00,7.00,70,v2,moderate,f,417.80,Confirmed hold above VWAP at $418.85 with price reclaiming $417.80 entry level,418.85417,R1 at $420.27 and extension toward $422.00,,Below Pivot at $412.84,,,"The R1 at $420.27 acts as a natural ceiling just above the $420 strike, making a vertical spread ideal since the upside is clearly capped near that level. Selling the $422 call meaningfully reduces cost basis while capturing the full expected move, improving risk/reward versus buying the outright call on a stock already trading near the strike.",,hit,hit,182.19,422.30,t,t,,,
03/30/2026,9:44 AM ET,COIN,algorithm,put,bearish,160.00,"April 2, 2026",842758.00,6.00,60,v2,moderate,f,164.24,At VWAP ($165.06) — Near $164.24,165.06164,Pivot at $163.24,Strike at $160.00,Above R1 at $166.65,,,$843K put flow at $160 strike with 100% ask aggression. Price at $164.24 below VWAP ($165.06).,,hit,hit,139.00,162.85,t,f,,,
03/30/2026,9:48 AM ET,QQQ,algorithm,put,bearish,560.00,"April 3, 2026",590485.00,7.00,70,v2,moderate,f,564.23,At VWAP ($565.82) — Near $564.23,565.82564,PDL at $561.57,Strike at $560.00,Above Pivot at $565.06,,,$590K put flow at $560 strike with 95% ask aggression. Price at $564.23 below VWAP ($565.82). Negative gamma zone — moves will be amplified.,,hit,hit,107.52,561.37,t,t,,,
03/30/2026,9:48 AM ET,HOOD,algorithm,call,bullish,69.00,"April 2, 2026",581630.00,7.00,70,v2,moderate,f,66.87,At VWAP ($67.18) — Near $66.87,67.1866,Pivot at $66.93,VWAP at $67.18,Below PDL at $65.87,,,$582K call flow at $69 strike with 99% ask aggression. Price at $66.87 below VWAP ($67.18).,,hit,hit,1700.00,67.89,t,f,,,
03/30/2026,9:48 AM ET,NVDA,algorithm,put,bearish,170.00,"April 3, 2026",474110.00,7.00,70,v2,moderate,f,167.31,Below VWAP ($168.23) — Near $167.31,168.23167,PDL at $167.01,S1 at $166.03,Above Pivot at $168.50,,,$474K put flow at $170 strike with 100% ask aggression. Price at $167.31 below VWAP ($168.23). Negative gamma zone — moves will be amplified.,,hit,hit,180.00,166.77,t,t,,,
03/30/2026,9:48 AM ET,GLD,algorithm,call,bullish,418.00,"April 3, 2026",451940.00,6.00,60,v2,moderate,f,418.51,Near $418.51 (no VWAP data),418.51,$426.88,$435.25,Below $410.14,,,$452K call flow at $418 strike with 98% ask aggression. Price at $418.51.,,hit,hit,103.94,427.21,t,f,,,
03/30/2026,9:51 AM ET,USO,algorithm,put,bearish,125.00,"April 3, 2026",565360.00,6.00,60,v2,moderate,f,128.05,Whale sweep at $128.05,128.05,Strike at $125.00,$122.50,Above $130.61,,,$565K put sweep at $125 strike with 100% ask aggression. Price at $128.05.,,hit,hit,110.82,124.67,t,t,,,
03/30/2026,9:55 AM ET,NVDA,algorithm,put,bearish,160.00,"April 2, 2026",499980.00,8.00,80,v2,strong,t,167.06,Below VWAP ($168.10) — Near $167.06,168.10167,PDL at $167.01,S1 at $166.03,Above Pivot at $168.50,,,$500K put sweep at $160 strike with 81% ask aggression. Price at $167.06 below VWAP ($168.10).,,hit,hit,1700.00,166.21,t,t,,,
03/30/2026,9:55 AM ET,GOOG,algorithm,call,bullish,275.00,"April 2, 2026",534379.00,6.00,60,v2,moderate,f,273.80,At VWAP ($274.59) — Near $273.80,274.59273,VWAP at $274.59,Strike at $275.00,Below PDL at $273.48,,,$534K call flow at $275 strike with 100% ask aggression. Price at $273.80 below VWAP ($274.59). Negative gamma zone — moves will be amplified.,,hit,hit,311.39,276.26,t,t,,,
03/30/2026,9:59 AM ET,MU,whale,call,bullish,345.00,"April 2, 2026",1278680.00,6.00,60,v2,moderate,f,344.38,Whale sweep at $344.38,344.38,Strike at $345.00,VWAP at $350.13,Below $337.49,,,$1.3M call flow at $345 strike with 100% ask aggression. Price at $344.38 below VWAP ($350.13). Negative gamma zone — moves will be amplified.,,hit,hit,2972.58,362.81,t,f,,,
03/30/2026,10:03 AM ET,TSM,algorithm,call,bullish,320.00,"April 2, 2026",598141.00,6.00,60,v2,moderate,f,319.37,On bounce from VWAP ($323.69) — Near $319.37,323.69319,Strike at $320.00,VWAP at $323.69,Below $312.98,,,"$598K call flow at $320 strike with 99% ask aggression. Price at $319.37 below VWAP ($323.69). Negative gamma zone — moves will be amplified. Price action confirmed: Support Bounce + 2 Green Bars at $318.95 (higher low, higher high — confirmed).",,hit,hit,466.67,322.31,f,f,wrong,Got out. @ 3:16. Will check to see if entry is actually invalidation level of 3.12,03/30/2026 10:45 AM ET
03/30/2026,10:03 AM ET,IBIT,algorithm,put,bearish,37.50,"April 3, 2026",766623.00,6.00,60,v2,moderate,f,38.28,At VWAP ($38.39) — Near $38.28,38.3938,Strike at $37.50,Pivot at $37.45,Above $39.05,,,$767K put flow at $37.5 strike with 100% ask aggression. Price at $38.28 below VWAP ($38.39).,,hit,hit,100.00,37.50,t,f,,,
03/30/2026,10:07 AM ET,SPY,whale,put,bearish,637.00,"April 3, 2026",3466911.00,8.00,80,v2,strong,t,635.51,Whale sweep at $635.51,635.51,PDL at $633.11,S1 at $630.58,Above Pivot at $636.62,,,"$3.5M put flow at $637 strike with 100% ask aggression. Price at $635.51 below VWAP ($637.35). Negative gamma zone — moves will be amplified. Price action confirmed: SR Tag + 2 Red Bars at $636.62 (lower high, lower low — confirmed).",,hit,hit,103.75,633.02,t,t,,,
03/30/2026,10:10 AM ET,SPY,whale,put,bearish,655.00,"April 3, 2026",4859754.00,8.00,80,v2,strong,t,635.98,Whale sweep at $635.98,635.98,PDL at $633.11,S1 at $630.58,Above Pivot at $636.62,,,"$4.9M put flow at $655 strike with 87% ask aggression. Price at $635.98 below VWAP ($637.24). Price action confirmed: SR Tag + 2 Red Bars at $636.62 (lower high, lower low — confirmed).",,hit,hit,103.14,633.02,t,t,,,
03/30/2026,10:10 AM ET,SOFI,algorithm,put,bearish,15.00,"April 3, 2026",728668.00,6.00,60,v2,moderate,f,15.23,Below VWAP ($15.33) — Near $15.23,15.3315,PDL at $15.15,S1 at $15.03,Above Pivot at $15.36,,,$729K put flow at $15 strike with 98% ask aggression. Price at $15.23 below VWAP ($15.33). Negative gamma zone — moves will be amplified.,,hit,hit,150.00,15.11,t,f,,,
03/30/2026,10:14 AM ET,SPY,algorithm,call,bullish,636.00,"April 3, 2026",784609.00,7.00,70,v2,moderate,f,636.42,At VWAP ($637.20) — Near $636.42,637.20636,Pivot at $636.62,VWAP at $637.20,Below PDL at $633.11,,,"$785K call flow at $636 strike with 100% ask aggression. Price at $636.42 below VWAP ($637.20). Negative gamma zone — moves will be amplified. Price action confirmed: Support Bounce + 2 Green Bars at $636.62 (higher low, higher high — confirmed).",,hit,hit,125.00,636.67,f,f,,,
03/30/2026,10:18 AM ET,QQQ,whale,put,bearish,570.00,"April 3, 2026",5671536.00,8.00,80,v2,strong,t,563.45,Whale sweep at $563.45,563.45,PDL at $561.57,S1 at $559.10,Above Pivot at $565.06,,,"$5.7M put flow at $570 strike with 93% ask aggression. Price at $563.45 below VWAP ($564.70). Negative gamma zone — moves will be amplified. Price action confirmed: SR Tag + 2 Red Bars at $565.06 (lower high, lower low — confirmed).",,hit,hit,110.64,561.37,t,f,,,
03/30/2026,10:25 AM ET,GLD,algorithm,call,bullish,427.00,"April 2, 2026",495756.00,7.00,70,v2,moderate,f,415.35,At VWAP ($417.39) — Near $415.35,417.39415,VWAP at $417.39,PDH at $418.40,Below Pivot at $412.84,,,$496K call flow at $427 strike with 94% ask aggression. Price at $415.35 below VWAP ($417.39).,,hit,hit,137.25,418.15,t,f,,,
03/30/2026,10:29 AM ET,META,algorithm,call,bullish,540.00,"April 2, 2026",863718.00,6.00,60,v2,moderate,f,531.86,At VWAP ($532.75) — Near $531.86,532.75531,VWAP at $532.75,R1 at $539.46,Below Pivot at $529.86,,,$864K call flow at $540 strike with 100% ask aggression. Price at $531.86 below VWAP ($532.75). Negative gamma zone — moves will be amplified.,,hit,hit,185.39,533.51,t,f,correct,Banger! ,03/30/2026 11:05 PM ET
03/30/2026,10:32 AM ET,UTHR,whale,call,bullish,650.00,"April 3, 2026",1642500.00,7.00,70,v2,moderate,f,598.91,Whale sweep at $598.91,598.91,Strike at $650.00,$663.00,Below Pivot at $526.38,,,$1.6M call flow at $650 strike with 100% ask aggression. Price at $598.91 above VWAP ($594.00).,,miss,missed,9.34,603.68,t,f,,,
03/30/2026,10:36 AM ET,TSLA,algorithm,put,bearish,362.50,"April 3, 2026",415830.00,8.00,80,v2,strong,t,362.03,Below VWAP ($363.96) — Near $362.03,363.96362,PDL at $359.47,S1 at $357.58,Above Pivot at $363.72,,,"$416K put flow at $362.5 strike with 100% ask aggression. Price at $362.03 below VWAP ($363.96). Negative gamma zone — moves will be amplified. Price action confirmed: SR Tag + 2 Red Bars at $363.72 (lower high, lower low — confirmed).",,hit,hit,144.14,358.34,t,t,correct,,03/30/2026 11:09 PM ET
03/30/2026,10:40 AM ET,ASML,algorithm,put,bearish,1265.00,"April 3, 2026",347200.00,6.00,60,v2,moderate,f,1264.28,Near $1264.28 (no VWAP data),1264.28,$1238.99,$1213.71,Above $1289.57,,,$347K put flow at $1265 strike with 100% ask aggression. Price at $1264.28.,,miss,missed,83.71,1243.11,t,t,correct,,03/30/2026 11:10 PM ET
03/30/2026,10:44 AM ET,QQQ,algorithm,put,bearish,563.00,"April 3, 2026",584612.00,8.00,80,v2,strong,t,561.80,At VWAP ($564.33) — Near $561.80,564.33561,PDL at $561.57,S1 at $559.10,Above Pivot at $565.06,,,"$585K put flow at $563 strike with 100% ask aggression. Price at $561.80 below VWAP ($564.33). Negative gamma zone — moves will be amplified. Price action confirmed: SR Tag + 2 Red Bars at $563 (lower high, lower low — confirmed).",,hit,hit,100.00,561.57,t,f,correct,,03/30/2026 11:11 PM ET
03/30/2026,10:44 AM ET,COIN,algorithm,call,bullish,160.00,"April 2, 2026",462063.00,6.00,60,v2,moderate,f,160.27,On bounce from VWAP ($162.85) — Near $160.27,162.8516,VWAP at $162.85,Pivot at $163.24,Below PDL at $159.83,,,"$462K call flow at $160 strike with 100% ask aggression. Price at $160.27 below VWAP ($162.85). Negative gamma zone — moves will be amplified. Price action confirmed: Support Bounce + 2 Green Bars at $159.83 (higher low, higher high — confirmed).",,hit,hit,140.31,163.89,t,f,correct,,03/30/2026 11:14 PM ET
03/30/2026,10:44 AM ET,BKNG,algorithm,put,bearish,4200.00,"April 3, 2026",578180.00,6.00,60,v2,moderate,f,4108.87,At VWAP ($4094.56) — Near $4108.87,4094.564108,Pivot at $4099.04,VWAP at $4094.56,Above R1 at $4167.79,,,$578K put flow at $4200 strike with 100% ask aggression. Price at $4108.87 above VWAP ($4094.56).,,hit,hit,131.33,4095.96,f,f,correct,,03/30/2026 11:16 PM ET
03/30/2026,10:47 AM ET,SMCI,algorithm,call,bullish,21.50,"April 2, 2026",677810.00,6.00,60,v2,moderate,f,21.38,On bounce from VWAP ($21.74) — Near $21.38,21.7421,Strike at $21.50,VWAP at $21.74,Below $20.95,,,"$678K call flow at $21.5 strike with 100% ask aggression. Price at $21.38 below VWAP ($21.74). Negative gamma zone — moves will be amplified. Price action confirmed: Support Bounce + 2 Green Bars at $21.44 (higher low, higher high — confirmed).",,hit,hit,166.67,21.58,f,f,correct,,03/30/2026 11:19 PM ET
03/30/2026,10:51 AM ET,XOM,algorithm,put,bearish,175.00,"April 2, 2026",916004.00,6.00,60,v2,moderate,f,173.22,Below VWAP ($174.38) — Near $173.22,174.38173,Pivot at $169.01,S1 at $166.79,Above $176.68,,,"$916K put flow at $175 strike with 100% ask aggression. Price at $173.22 below VWAP ($174.38). Negative gamma zone — moves will be amplified. Price action confirmed: SR Tag + 2 Red Bars at $173.22 (lower high, lower low — confirmed).",,hit,hit,133.49,167.60,t,f,correct,,03/30/2026 11:22 PM ET
03/30/2026,10:58 AM ET,QQQ,whale,call,bullish,563.00,"April 2, 2026",1462884.00,6.00,60,v2,moderate,f,563.56,Whale sweep at $563.56,563.56,VWAP at $564.12,Pivot at $565.06,Below PDL at $561.57,,,"$1.5M call flow at $563 strike with 100% ask aggression. Price at $563.56 below VWAP ($564.12). Negative gamma zone — moves will be amplified. Price action confirmed: Support Bounce + 2 Green Bars at $561.57 (higher low, higher high — confirmed).",,hit,hit,139.29,564.34,t,f,,,
03/30/2026,10:58 AM ET,QQQ,algorithm,put,bearish,563.00,"April 2, 2026",584612.00,6.00,60,v2,moderate,f,563.56,At VWAP ($564.12) — Near $563.56,564.12563,Strike at $563.00,PDL at $561.57,Above Pivot at $565.06,,,$585K put flow at $563 strike with 100% ask aggression. Price at $563.56 below VWAP ($564.12). Negative gamma zone — moves will be amplified.,,hit,hit,173.21,562.59,t,t,,,
03/30/2026,11:05 AM ET,SPY,whale,call,bullish,647.00,"April 1, 2026",1378856.00,8.00,80,v2,strong,t,638.43,Whale sweep at $638.43,638.43,R1 at $640.14,PDH at $642.66,Below Pivot at $636.62,,,"$1.4M call flow at $647 strike with 100% ask aggression. Price at $638.43 above VWAP ($636.80). Negative gamma zone — moves will be amplified. Price action confirmed: Support Bounce + 2 Green Bars at $636.62 (higher low, higher high — confirmed).",,miss,missed,2.92,638.48,t,t,,,
03/30/2026,11:10 AM ET,PLTR,algorithm,call,bullish,141.00,"April 2, 2026",687499.00,7.00,70,v2,moderate,f,142.34,At VWAP ($141.96) — Near $142.34,141.96142,Pivot at $143.53,R1 at $145.50,Below PDL at $141.56,,,$687K call flow at $141 strike with 100% ask aggression. Price at $142.34 above VWAP ($141.96). Negative gamma zone — moves will be amplified.,,miss,missed,32.77,142.73,t,t,wrong,,03/30/2026 11:26 PM ET
03/30/2026,11:10 AM ET,QQQ,algorithm,put,bearish,565.00,"April 2, 2026",573447.00,7.00,70,v2,moderate,f,563.40,At VWAP ($564.14) — Near $563.40,564.14563,PDL at $561.57,S1 at $559.10,Above Pivot at $565.06,,,"$573K put flow at $565 strike with 100% ask aggression. Price at $563.40 below VWAP ($564.14). Negative gamma zone — moves will be amplified. Price action confirmed: SR Tag + 2 Red Bars at $565.06 (lower high, lower low — confirmed).",,hit,hit,104.37,561.49,t,t,correct,,03/30/2026 11:28 PM ET
03/30/2026,11:14 AM ET,MU,whale,put,bearish,300.00,"April 2, 2026",1151280.00,7.00,70,v2,strong,f,339.33,Whale sweep at $339.33,339.33,Strike at $300.00,$294.00,Above Pivot at $359.99,,,$1.2M put flow at $300 strike with 100% ask aggression. Price at $339.33 below VWAP ($345.96).,,miss,missed,70.79,311.49,t,t,,,
03/30/2026,11:14 AM ET,NVDA,algorithm,call,bullish,170.00,"April 1, 2026",767260.00,6.00,60,v2,moderate,f,168.17,At VWAP ($167.57) — Near $168.17,167.57168,Pivot at $168.50,R1 at $169.99,Below PDL at $167.01,,,$767K call flow at $170 strike with 100% ask aggression. Price at $168.17 above VWAP ($167.57). Negative gamma zone — moves will be amplified.,,miss,missed,-45.45,168.02,t,t,wrong,,03/30/2026 11:30 PM ET
03/30/2026,11:14 AM ET,CAVA,algorithm,put,bearish,74.00,"April 2, 2026",811824.00,6.00,60,v2,moderate,f,77.96,Whale sweep at $77.96,77.96,VWAP at $76.99,Pivot at $75.36,Above PDH at $78.02,,,$812K put sweep at $74 strike with 90% ask aggression. Price at $77.96 above VWAP ($76.99).,,hit,hit,102.06,76.97,t,t,correct,,03/30/2026 11:34 PM ET
03/30/2026,11:14 AM ET,IREN,algorithm,put,bearish,33.50,"April 2, 2026",431982.00,6.00,60,v2,moderate,f,33.59,Near $33.59 (no VWAP data),33.59,Strike at $33.50,$32.83,Above $34.26,,,$432K put flow at $33.5 strike with 100% ask aggression. Price at $33.59.,,hit,hit,377.78,33.25,t,f,correct,,03/30/2026 11:35 PM ET
03/30/2026,11:18 AM ET,OKLO,algorithm,put,bearish,47.00,"April 2, 2026",596173.00,10.00,100,v2,,f,48.77,Below VWAP ($49.64) — Near $48.77,49.6448,Strike at $47.00,$46.06,Above Pivot at $51.01,,,"$596K put flow at $47 strike with 100% ask aggression. Price at $48.77 below VWAP ($49.64). Price action confirmed: SR Tag + 2 Red Bars at $48.52 (lower high, lower low — confirmed).",,hit,hit,105.08,46.91,t,f,correct,,03/30/2026 11:39 PM ET
03/30/2026,11:18 AM ET,GOOGL,algorithm,call,bullish,275.00,"April 2, 2026",563621.00,10.00,100,v2,,f,274.48,Near $274.48 (no VWAP data),274.48,Strike at $275.00,$280.50,Below $268.99,,,$564K call flow at $275 strike with 100% ask aggression. Price at $274.48.,,hit,hit,119.23,275.10,t,f,correct,,03/30/2026 11:41 PM ET
03/30/2026,11:18 AM ET,RKLB,algorithm,put,bearish,60.00,"April 2, 2026",877795.00,9.00,90,v2,,f,59.42,At VWAP ($59.43) — Near $59.42,59.4359,$58.23,$57.04,Above Pivot at $62.46,,,$878K put flow at $60 strike with 94% ask aggression. Price at $59.42 below VWAP ($59.43). Negative gamma zone — moves will be amplified.,,hit,hit,131.93,57.85,t,f,correct,,03/30/2026 11:42 PM ET
03/30/2026,11:18 AM ET,WULF,algorithm,call,bullish,14.00,"April 2, 2026",596896.00,9.00,90,v2,,f,14.12,On bounce from VWAP ($14.32) — Near $14.12,14.3214,VWAP at $14.32,Pivot at $14.95,Below $13.84,,,$597K call flow at $14 strike with 100% ask aggression. Price at $14.12 below VWAP ($14.32). Negative gamma zone — moves will be amplified.,,miss,missed,70.00,14.26,f,t,wrong,,03/30/2026 11:44 PM ET
03/30/2026,11:18 AM ET,SLV,algorithm,call,bullish,64.00,"April 2, 2026",348000.00,9.00,90,v2,,f,64.27,Near $64.27 (no VWAP data),64.27,$65.56,$66.84,Below $62.98,,,$348K call flow at $64 strike with 100% ask aggression. Price at $64.27.,,hit,hit,177.52,66.56,t,f,,,
03/30/2026,11:18 AM ET,PLTR,algorithm,put,bearish,135.00,"April 2, 2026",829240.00,8.00,80,v2,,f,141.62,At VWAP ($141.95) — Near $141.62,141.95141,PDL at $141.56,S1 at $141.10,Above Pivot at $143.53,,,$829K put flow at $135 strike with 100% ask aggression. Price at $141.62 below VWAP ($141.95).,,hit,hit,266.67,141.46,t,f,,,
03/30/2026,11:18 AM ET,SPX,algorithm,put,bearish,6300.00,"April 2, 2026",376250.00,8.00,80,v2,,f,6393.22,Near $6393.22 (no VWAP data),6393.22,Strike at $6300.00,$6174.00,Above $6521.08,,,$376K put flow at $6300 strike with 100% ask aggression. Price at $6393.22.,,miss,missed,81.86,6316.91,t,t,,,
03/30/2026,11:18 AM ET,AMD,whale,call,bullish,220.00,"April 2, 2026",1075818.00,7.00,70,v2,,f,199.10,Whale sweep at $199.10,199.1,Pivot at $200.98,PDH at $203.27,Below S1 at $198.69,,,$1.1M call flow at $220 strike with 100% ask aggression. Price at $199.10 below VWAP ($203.33).,,hit,hit,122.34,201.40,t,t,,,
03/30/2026,11:23 AM ET,MU,spread,put,bearish,300.00,"April 17, 2026",1151280.00,7.00,70,v2,moderate,f,339.33,Whale sweep confirmed at $339.33 with price below VWAP at $345.40,339.33345,$300.00 strike — aligns with institutional target and deep OTM put sold leg,,Above Pivot at $359.99,,,"MU is deeply OTM at $339 vs a $300 strike target with a $40 move required — IV on outright puts this far OTM is elevated given the magnitude of the move needed, making the spread a far more cost-efficient structure. Selling the $300 put finances the position meaningfully while still capturing the full institutional target, improving risk/reward substantially over buying the naked put outright.",,miss,missed,70.79,311.49,t,t,,,
03/30/2026,11:23 AM ET,GLD,algorithm,call,bullish,417.00,"April 2, 2026",576985.00,6.00,60,v2,moderate,f,416.35,At VWAP ($417.07) — Near $416.35,417.07416,Strike at $417.00,VWAP at $417.07,Below Pivot at $412.84,,,$577K call flow at $417 strike with 100% ask aggression. Price at $416.35 below VWAP ($417.07). Negative gamma zone — moves will be amplified.,,hit,hit,276.92,418.15,t,f,correct,,03/30/2026 11:53 PM ET
03/30/2026,11:23 AM ET,PLTR,algorithm,put,bearish,135.00,"April 2, 2026",829240.00,8.00,80,v2,strong,t,141.26,At VWAP ($141.94) — Near $141.26,141.94141,$138.43,$135.61,Above Pivot at $143.53,,,"$829K put flow at $135 strike with 100% ask aggression. Price at $141.26 below VWAP ($141.94). Price action confirmed: SR Tag + 2 Red Bars at $141.56 (lower high, lower low — confirmed).",,hit,hit,101.06,138.40,t,f,correct,,03/30/2026 11:56 PM ET
03/30/2026,11:26 AM ET,KMI,algorithm,call,bullish,34.50,"April 2, 2026",396525.00,9.00,90,v2,,f,34.21,Near $34.21 (no VWAP data),34.21,Strike at $34.50,$35.19,Below $33.53,,,$397K call flow at $34.5 strike with 85% ask aggression. Price at $34.21.,,miss,missed,-10.34,34.18,f,t,wrong,,03/30/2026 11:58 PM ET
03/30/2026,11:26 AM ET,CVNA,algorithm,put,bearish,290.00,"April 2, 2026",383320.00,8.00,80,v2,,f,277.74,Near $277.74 (no VWAP data),277.74,$272.19,$266.63,Above $283.29,,,$383K put flow at $290 strike with 100% ask aggression. Price at $277.74.,,miss,missed,-10.09,278.30,f,t,wrong,,03/30/2026 11:58 PM ET
03/30/2026,11:26 AM ET,SPXW,algorithm,put,bearish,6525.00,"April 2, 2026",867790.00,7.00,70,v2,,f,6387.32,Near $6387.32 (no VWAP data),6387.32,$6259.57,$6131.83,Above $6515.07,,,$868K put flow at $6525 strike with 67% ask aggression. Price at $6387.32.,,miss,missed,55.12,6316.91,t,t,,,
03/30/2026,11:30 AM ET,META,whale,call,bullish,535.00,"April 2, 2026",1106730.00,10.00,100,v2,,f,534.91,Whale sweep at $534.91,534.91,Strike at $535.00,R1 at $539.46,Below Pivot at $529.86,,,$1.1M call flow at $535 strike with 100% ask aggression. Price at $534.91 above VWAP ($533.10). Negative gamma zone — moves will be amplified. Price action confirmed: Support Tag + Green Bounce at $535 (higher low — likely reversal).,,hit,hit,122.22,535.02,t,f,,,
03/30/2026,11:30 AM ET,SPY,algorithm,call,bullish,636.00,"April 2, 2026",810000.00,10.00,100,v2,,f,636.42,At VWAP ($636.79) — Near $636.42,636.79636,Pivot at $636.62,VWAP at $636.79,Below PDL at $633.11,,,"$810K call flow at $636 strike with 100% ask aggression. Price at $636.42 below VWAP ($636.79). Negative gamma zone — moves will be amplified. Price action confirmed: Support Bounce + 2 Green Bars at $636.62 (higher low, higher high — confirmed).",,hit,hit,225.00,636.87,t,f,correct,Here is another on where the target is really close to the entry? ,03/31/2026 12:07 AM ET
03/30/2026,11:33 AM ET,MSFT,algorithm,call,bullish,365.00,"April 2, 2026",394478.00,6.00,60,v2,moderate,f,363.00,Near $363.00 (no VWAP data),363,Strike at $365.00,$372.30,Below $355.74,,,$394K call flow at $365 strike with 100% ask aggression. Price at $363.00.,,hit,hit,109.50,365.19,t,f,correct,,03/31/2026 12:02 AM ET
03/30/2026,11:37 AM ET,ORCL,algorithm,call,bullish,140.00,"April 2, 2026",949720.00,7.00,70,v2,moderate,f,140.58,Above VWAP ($139.37) — Near $140.58,139.3714,R1 at $141.46,PDH at $141.69,Below Pivot at $139.88,,,$950K call flow at $140 strike with 96% ask aggression. Price at $140.58 above VWAP ($139.37). Negative gamma zone — moves will be amplified. Price action confirmed: Support Tag + Green Bounce at $139.88 (higher low — likely reversal).,,miss,missed,54.55,141.06,t,t,,,
03/30/2026,11:41 AM ET,MU,algorithm,call,bullish,340.00,"April 2, 2026",922957.00,9.00,90,v2,,f,337.93,On bounce from VWAP ($344.82) — Near $337.93,344.82337,Strike at $340.00,VWAP at $344.82,Below $331.17,,,$923K call flow at $340 strike with 100% ask aggression. Price at $337.93 below VWAP ($344.82). Negative gamma zone — moves will be amplified.,,miss,missed,16.91,338.28,f,t,,,
03/30/2026,11:41 AM ET,LITE,algorithm,put,bearish,660.00,"April 2, 2026",794110.00,9.00,90,v2,,f,666.54,Below VWAP ($673.76) — Near $666.54,673.76666,Strike at $660.00,$646.80,Above Pivot at $709.30,,,$794K put flow at $660 strike with 95% ask aggression. Price at $666.54 below VWAP ($673.76). Negative gamma zone — moves will be amplified.,,hit,hit,152.45,656.57,t,f,,,
03/30/2026,11:41 AM ET,QQQ,algorithm,put,bearish,564.00,"April 2, 2026",574794.00,9.00,90,v2,,f,564.32,At VWAP ($564.01) — Near $564.32,564.01564,VWAP at $564.01,Strike at $564.00,Above Pivot at $565.06,,,"$575K put flow at $564 strike with 97% ask aggression. Price at $564.32 above VWAP ($564.01). Negative gamma zone — moves will be amplified. Price action confirmed: SR Tag + 2 Red Bars at $565.06 (lower high, lower low — confirmed).",,hit,hit,238.71,563.58,t,t,,,
03/30/2026,11:41 AM ET,WMT,algorithm,put,bearish,125.00,"April 2, 2026",476850.00,9.00,90,v2,,f,124.49,Near $124.49 (no VWAP data),124.49,$122.00,$119.51,Above $126.98,,,$477K put flow at $125 strike with 100% ask aggression. Price at $124.49.,,partial,partial_hit,66.27,122.84,t,f,correct,,03/31/2026 12:11 AM ET
03/30/2026,11:53 AM ET,GOOGL,whale,put,bearish,280.00,"April 2, 2026",1362225.00,6.00,60,v2,moderate,f,275.72,Whale sweep at $275.72,275.72,$270.21,$264.69,Above $281.23,,,$1.4M put flow at $280 strike with 100% ask aggression. Price at $275.72.,,miss,missed,67.51,272.00,t,t,,,
03/30/2026,11:53 AM ET,SLB,algorithm,call,bullish,52.00,"April 2, 2026",575620.00,6.00,60,v2,moderate,f,53.31,Near $53.31 (no VWAP data),53.31,$54.38,$55.44,Below $52.24,,,$576K call flow at $52 strike with 100% ask aggression. Price at $53.31.,,miss,missed,4.67,53.36,t,t,,,
03/30/2026,11:53 AM ET,NBIS,algorithm,call,bullish,90.00,"April 2, 2026",895850.00,6.00,60,v2,moderate,f,94.21,Near $94.21 (no VWAP data),94.21,$96.09,$97.98,Below $92.33,,,$896K call flow at $90 strike with 100% ask aggression. Price at $94.21.,,miss,missed,-48.94,93.29,f,t,,,
03/30/2026,12:03 PM ET,TTD,algorithm,put,bearish,22.50,"April 2, 2026",423863.00,7.00,70,v2,moderate,f,22.45,Near $22.45 (no VWAP data),22.45,$22.00,$21.55,Above $22.90,,,$424K put flow at $22.5 strike with 100% ask aggression. Price at $22.45.,,hit,hit,100.00,22.00,t,f,correct,,03/31/2026 12:14 AM ET
03/30/2026,12:07 PM ET,SNOW,algorithm,put,bearish,157.50,"April 2, 2026",476782.00,6.00,60,v2,moderate,f,158.32,Near $158.32 (no VWAP data),158.32,Strike at $157.50,$154.35,Above $161.49,,,$477K put flow at $157.5 strike with 100% ask aggression. Price at $158.32.,,hit,hit,186.59,156.79,t,f,correct,,03/31/2026 12:15 AM ET
03/30/2026,12:16 PM ET,NOW,algorithm,put,bearish,106.00,"April 2, 2026",435128.00,7.00,70,v2,strong,f,105.43,Near $105.43 (no VWAP data),105.43,$103.32,$101.21,Above $107.54,,,$435K put flow at $106 strike with 100% ask aggression. Price at $105.43.,,hit,hit,162.09,102.01,t,f,correct,,03/31/2026 12:15 AM ET
03/30/2026,12:21 PM ET,BAC,whale,put,bearish,46.50,"April 2, 2026",1145528.00,8.00,80,v2,strong,t,47.25,Whale sweep at $47.25,47.25,PDL at $46.84,Strike at $46.50,Above Pivot at $47.35,,,"$1.1M put flow at $46.5 strike with 100% ask aggression. Price at $47.25 below VWAP ($47.35). Negative gamma zone — moves will be amplified. Price action confirmed: SR Tag + 2 Red Bars at $47.35 (lower high, lower low — confirmed).",,miss,missed,75.61,46.94,t,t,,,
03/30/2026,12:21 PM ET,MU,algorithm,put,bearish,330.00,"April 2, 2026",512500.00,8.00,80,v2,strong,t,332.93,Below VWAP ($342.43) — Near $332.93,342.43332,Strike at $330.00,$323.40,Above Pivot at $359.99,,,$513K put flow at $330 strike with 100% ask aggression. Price at $332.93 below VWAP ($342.43). Negative gamma zone — moves will be amplified.,,hit,hit,104.78,329.86,t,f,,,
03/30/2026,12:21 PM ET,MU,spread,put,bearish,330.00,"April 17, 2026",512500.00,8.00,80,v2,moderate,t,332.93,Confirmed trade below $332.93 with price sustaining under VWAP at $342.43,332.93342,S1 at $351.28 breached downward toward $320 — full spread value near $330 strike cluster,,Price reclaims above $342.43 VWAP or pivot at $359.99,,,"MU is trading well below VWAP and far below prior day range, suggesting elevated IV from the recent sell-off; selling the $320 put as a lower leg meaningfully reduces cost basis while the clear structural target at $330 and S1 at $351.28 already broken provides a natural profit ceiling, making the spread more capital-efficient than buying the outright put.",,miss,missed,,311.49,t,t,,,
03/30/2026,12:24 PM ET,PEP,algorithm,put,bearish,165.00,"April 2, 2026",852040.00,6.00,60,v2,moderate,f,157.53,On rejection from VWAP ($156.60) — Near $157.53,156.60157,VWAP at $156.60,Pivot at $152.68,Above $160.68,,,$852K put flow at $165 strike with 100% ask aggression. Price at $157.53 above VWAP ($156.60).,,hit,hit,112.90,156.48,t,f,correct,,03/31/2026 12:20 AM ET
03/30/2026,12:29 PM ET,ALAB,algorithm,put,bearish,95.00,"April 2, 2026",572731.00,8.00,80,v2,strong,t,101.70,Below VWAP ($104.70) — Near $101.70,104.70101,Strike at $95.00,$93.10,Above Pivot at $112.65,,,$573K put flow at $95 strike with 100% ask aggression. Price at $101.70 below VWAP ($104.70).,,miss,missed,56.87,97.89,t,t,,,
03/30/2026,12:29 PM ET,SPY,algorithm,put,bearish,610.00,"April 2, 2026",619494.00,7.00,70,v2,moderate,f,635.36,At VWAP ($636.83) — Near $635.36,636.83635,PDL at $633.11,S1 at $630.58,Above Pivot at $636.62,,,"$619K put flow at $610 strike with 99% ask aggression. Price at $635.36 below VWAP ($636.83). Price action confirmed: SR Tag + 2 Red Bars at $636.62 (lower high, lower low — confirmed).",,hit,hit,104.00,633.02,t,f,,,
03/30/2026,12:32 PM ET,CIFR,algorithm,call,bullish,12.50,"April 2, 2026",590410.00,6.00,60,v2,moderate,f,12.65,Near $12.65 (no VWAP data),12.65,$12.90,$13.16,Below $12.40,,,$590K call flow at $12.5 strike with 100% ask aggression. Price at $12.65.,,miss,missed,-4.00,12.64,f,t,,,
03/30/2026,12:32 PM ET,SE,algorithm,put,bearish,76.00,"April 2, 2026",406831.00,6.00,60,v2,moderate,f,79.10,Near $79.10 (no VWAP data),79.1,Strike at $76.00,$74.48,Above $80.68,,,$407K put flow at $76 strike with 100% ask aggression. Price at $79.10.,,miss,missed,48.39,77.60,t,t,,,
03/30/2026,12:37 PM ET,WDC,algorithm,put,bearish,220.00,"April 2, 2026",509973.00,7.00,70,v2,moderate,f,252.80,Whale sweep at $252.80,252.8,Strike at $220.00,$215.60,Above Pivot at $275.95,,,$510K put sweep at $220 strike with 99% ask aggression. Price at $252.80 below VWAP ($265.49).,,miss,missed,21.92,245.61,t,t,,,
03/30/2026,12:37 PM ET,BKNG,algorithm,put,bearish,4235.00,"April 2, 2026",374480.00,6.00,60,v2,moderate,f,4150.02,Near $4150.02 (no VWAP data),4150.02,$4067.02,$3984.02,Above $4233.02,,,$374K put flow at $4235 strike with 100% ask aggression. Price at $4150.02.,,hit,hit,101.81,4065.52,t,f,,,
03/30/2026,12:41 PM ET,SLV,algorithm,call,bullish,70.00,"April 2, 2026",433200.00,6.00,60,v2,moderate,f,64.13,Near $64.13 (no VWAP data),64.13,Strike at $70.00,$71.40,Below $62.85,,,$433K call flow at $70 strike with 100% ask aggression. Price at $64.13.,,hit,hit,81.43,68.91,t,f,,,
03/30/2026,12:45 PM ET,ALAB,spread,put,bearish,95.00,"April 17, 2026",572731.00,8.00,80,v2,moderate,t,101.56,Below VWAP at $104.60 with price near $101.56 confirming bearish momentum,104.60101,$95.00 strike — PDL zone and institutional target,,Above Pivot at $112.65,,,"With current price already near $101.56 and the target clearly defined at $95, a bear put spread caps the cost basis on what is a relatively short move (~6.5%). The defined ceiling near $100-$101 and floor at $95 make a vertical spread ideal, improving risk/reward meaningfully versus paying full premium on an outright put given the compressed range to target.",,miss,missed,55.95,97.89,t,t,,,
03/30/2026,12:48 PM ET,MSFT,algorithm,put,bearish,360.00,"April 2, 2026",373481.00,6.00,60,v2,moderate,f,362.70,Near $362.70 (no VWAP data),362.7,Strike at $360.00,$352.80,Above $369.95,,,$373K put flow at $360 strike with 100% ask aggression. Price at $362.70.,,hit,hit,116.67,359.55,t,f,,,
03/30/2026,12:48 PM ET,PATH,algorithm,put,bearish,10.50,"April 2, 2026",339614.00,6.00,60,v2,moderate,f,11.10,Near $11.10 (no VWAP data),11.1,Strike at $10.50,$10.29,Above $11.32,,,$340K put flow at $10.5 strike with 100% ask aggression. Price at $11.10.,,miss,missed,61.67,10.73,t,t,,,
03/30/2026,12:48 PM ET,STX,algorithm,put,bearish,350.00,"April 2, 2026",336600.00,6.00,60,v2,moderate,f,353.05,Near $353.05 (no VWAP data),353.05,Strike at $350.00,$343.00,Above $360.11,,,$337K put sweep at $350 strike with 72% ask aggression. Price at $353.05.,,miss,missed,9.51,352.76,t,t,,,
03/30/2026,12:52 PM ET,QQQ,algorithm,put,bearish,561.00,"April 2, 2026",682911.00,7.00,70,v2,moderate,f,562.53,At VWAP ($563.80) — Near $562.53,563.80562,PDL at $561.57,Strike at $561.00,Above Pivot at $565.06,,,"$683K put flow at $561 strike with 76% ask aggression. Price at $562.53 below VWAP ($563.80). Negative gamma zone — moves will be amplified. Price action confirmed: SR Tag + 2 Red Bars at $561.57 (lower high, lower low — confirmed).",,hit,hit,127.08,561.31,t,f,,,
03/30/2026,12:56 PM ET,GOOGL,algorithm,call,bullish,280.00,"April 2, 2026",300000.00,6.00,60,v2,moderate,f,274.44,Near $274.44 (no VWAP data),274.44,Strike at $280.00,$285.60,Below $268.95,,,$300K call sweep at $280 strike with 68% ask aggression. Price at $274.44.,,hit,hit,103.24,280.18,t,f,,,
03/30/2026,1:00 PM ET,FLY,algorithm,put,bearish,25.00,"April 2, 2026",463734.00,7.00,70,v2,moderate,f,23.95,Near $23.95 (no VWAP data),23.95,$23.47,$22.99,Above $24.43,,,$464K put flow at $25 strike with 100% ask aggression. Price at $23.95.,,hit,hit,141.67,23.27,t,f,,,
03/30/2026,1:00 PM ET,AMZN,algorithm,put,bearish,207.50,"April 2, 2026",454700.00,6.00,60,v2,moderate,f,202.74,Near $202.74 (no VWAP data),202.74,$198.69,$194.63,Above $206.79,,,$455K put flow at $207.5 strike with 100% ask aggression. Price at $202.74.,,miss,missed,73.33,199.77,t,t,,,
03/30/2026,1:00 PM ET,IBM,algorithm,put,bearish,230.00,"April 2, 2026",309700.00,6.00,60,v2,moderate,f,239.12,Near $239.12 (no VWAP data),239.12,Strike at $230.00,$225.40,Above $243.90,,,$310K put flow at $230 strike with 100% ask aggression. Price at $239.12.,,miss,missed,32.79,236.13,t,t,,,
03/30/2026,1:08 PM ET,TSLA,algorithm,put,bearish,360.00,"April 2, 2026",432000.00,6.00,60,v2,moderate,f,359.35,Near $359.35 (no VWAP data),359.35,$352.16,$344.98,Above $366.54,,,$432K put sweep at $360 strike with 100% ask aggression. Price at $359.35.,,hit,hit,100.28,352.14,t,f,,,
03/30/2026,1:15 PM ET,IWM,whale,put,bearish,230.00,"April 2, 2026",2872000.00,10.00,100,v2,,f,240.68,Whale sweep at $240.68,240.68,Strike at $230.00,$225.40,Above Pivot at $244.08,,,$2.9M put flow at $230 strike with 100% ask aggression. Price at $240.68 below VWAP ($242.52). Price action confirmed: SR Tag + Red Rejection at $241.42 (lower high — likely reversal).,,miss,missed,21.25,238.41,t,t,,,
03/30/2026,1:15 PM ET,GLD,whale,put,bearish,416.00,"April 2, 2026",1722110.00,10.00,100,v2,,f,415.46,Whale sweep at $415.46,415.46,Pivot at $412.84,S1 at $407.28,Above PDH at $418.40,,,"$1.7M put flow at $416 strike with 100% ask aggression. Price at $415.46 below VWAP ($417.12). Negative gamma zone — moves will be amplified. Price action confirmed: SR Tag + 2 Red Bars at $416 (lower high, lower low — confirmed).",,hit,hit,101.53,412.80,t,f,,,
03/30/2026,1:15 PM ET,SPY,algorithm,put,bearish,604.00,"April 2, 2026",847012.00,10.00,100,v2,,f,634.62,At VWAP ($636.65) — Near $634.62,636.65634,PDL at $633.11,S1 at $630.58,Above Pivot at $636.62,,,"$847K put flow at $604 strike with 100% ask aggression. Price at $634.62 below VWAP ($636.65). Price action confirmed: SR Tag + 2 Red Bars at $636.62 (lower high, lower low — confirmed).",,hit,hit,105.96,633.02,t,f,,,
03/30/2026,1:15 PM ET,IWM,spread,put,bearish,230.00,"April 17, 2026",2872000.00,10.00,100,v2,moderate,t,240.68,Confirmed break below $240.68 with volume — whale sweep level,240.68,$230.00 strike (institutional target),,Above $244.08 pivot,,,"The institutional target is a clean $10.68 move to the $230 strike from current price, making a vertical spread ideal since the floor is clearly defined. Selling the $230 put offsets premium cost on what is likely elevated small-cap IV, dramatically improving cost basis and risk/reward versus buying the outright put.",,miss,missed,21.25,238.41,t,t,,,
03/30/2026,1:15 PM ET,SPXW,algorithm,put,bearish,6375.00,"April 6, 2026",582580.00,9.00,90,v2,,f,6376.01,"Below VWAP ($6,436) — Near $6,376",64366376,"$6,365 (strike level, short gamma acceleration)",$6247.50,"Above $6,436 (VWAP reclaim invalidates bearish thesis)",,,$583K put flow at $6375 strike with 100% ask aggression. Price at $6376.01. Negative gamma zone — moves will be amplified.,,hit,hit,536.78,6316.91,t,t,,,
03/30/2026,1:15 PM ET,AMZN,spread,put,bearish,207.50,"April 17, 2026",454700.00,8.00,80,v2,moderate,t,202.74,Entry near current price $202.74 with no VWAP anchor — use limit order at $202.50 or below,202.74202,$198.69 institutional target (near short strike at $197.50),,Above $206.79,,,"With no VWAP or prior day level data available, the outright put carries higher uncertainty on IV pricing and directional conviction is moderate at 8; the spread caps downside risk while still capturing the full move to the $198.69 target, improving risk discipline on a signal with less technical confirmation.",,miss,missed,73.33,199.77,t,t,,,
03/30/2026,1:19 PM ET,GLD,spread,put,bearish,416.00,"April 17, 2026",1722110.00,8.00,80,v2,moderate,t,415.44,Whale sweep confirmed at $415.44 with price below VWAP $417.08,415.44417,S1 at $407.28 — short put leg caps profit near that level,,Price reclaims PDH at $418.40,,,"The target of $412.84 and S1 at $407.28 create a well-defined floor, making the short $407 put a natural ceiling for the move and reducing cost basis meaningfully. With GLD near ATH territory, IV in gold options is elevated enough that selling the lower strike offsets premium decay risk on the long put.",,miss,missed,34.07,412.66,t,t,,,
03/30/2026,1:27 PM ET,TSLA,spread,put,bearish,360.00,"April 17, 2026",432000.00,8.00,80,v2,moderate,t,358.03,"Sustained trade below VWAP at $362.54, confirmed rejection at $363.72 pivot invalidation level",362.54363,$350.87 (defined target per signal),,Above pivot at $363.72,,,"The signal's precise target of $350.87 aligns perfectly with the $350 short put strike, making a vertical spread structurally efficient with no need to overpay for downside beyond the target. TSLA carries elevated IV given its volatility profile, so selling the $350 put meaningfully reduces the cost basis while the trade thesis has a tight and defined range between current price and target.",,miss,missed,83.94,352.02,t,t,,,
03/30/2026,1:31 PM ET,SPY,whale,put,bearish,602.00,"April 2, 2026",3146690.00,9.00,90,v2,strong,t,633.24,Whale sweep at $633.24,633.24,PDL at $633.11,S1 at $630.58,Above Pivot at $636.62,,,"$3.1M put sweep at $602 strike with 99% ask aggression. Price at $633.24 below VWAP ($636.48). Price action confirmed: SR Tag + 2 Red Bars at $633.11 (lower high, lower low — confirmed).",,hit,hit,284.62,632.87,t,f,,,
03/30/2026,1:39 PM ET,SLV,whale,put,bearish,64.00,"April 2, 2026",1751259.00,7.00,70,v2,moderate,f,63.77,Whale sweep at $63.77,63.77,Pivot at $63.18,S1 at $61.49,Above PDH at $64.88,,,$1.8M put flow at $64 strike with 100% ask aggression. Price at $63.77 below VWAP ($64.06). Negative gamma zone — moves will be amplified.,,hit,hit,100.00,63.18,t,f,,,
03/30/2026,1:39 PM ET,QQQ,spread,put,bearish,561.00,"April 17, 2026",617574.00,7.00,70,v2,moderate,f,559.67,Below VWAP at $563.35 with price near $559.67 — confirmed bearish momentum,563.35559,$548.48 — aligns with spread short strike and institutional target,,Above pivot at $565.06,,,"QQQ has a well-defined target at $548.48 which maps cleanly to a short put strike, making the vertical spread ideal for capping cost versus the outright put. The clear price floor target and defined invalidation level above $565.06 make this a textbook bear put spread setup where selling the lower strike funds meaningful premium reduction.",,miss,missed,37.35,555.49,t,t,,,
03/30/2026,2:03 PM ET,QQQ,algorithm,put,bearish,545.00,"April 2, 2026",518584.00,7.00,70,v2,moderate,f,559.86,Below VWAP ($563.11) — Near $559.86,563.11559,$548.66,$537.47,Above Pivot at $565.06,,,"$519K put flow at $545 strike with 100% ask aggression. Price at $559.86 below VWAP ($563.11). Price action confirmed: SR Tag + 2 Red Bars at $559.1 (lower high, lower low — confirmed).",,miss,missed,39.02,555.49,t,t,,,
03/30/2026,2:11 PM ET,COST,algorithm,put,bearish,995.00,"April 2, 2026",430125.00,7.00,70,v2,moderate,f,997.59,At VWAP ($999.19) — Near $997.59,999.19997,Strike at $995.00,Pivot at $983.03,Above $1017.54,,,$430K put sweep at $995 strike with 90% ask aggression. Price at $997.59 below VWAP ($999.19). Negative gamma zone — moves will be amplified.,,hit,hit,150.19,993.70,t,f,,,
03/30/2026,2:15 PM ET,XBI,algorithm,call,bullish,115.00,"April 2, 2026",374590.00,6.00,60,v2,moderate,f,118.77,Near $118.77 (no VWAP data),118.77,$121.15,$123.52,Below $116.39,,,$375K call sweep at $115 strike with 100% ask aggression. Price at $118.77.,,hit,hit,249.16,124.70,t,f,,,
03/30/2026,2:26 PM ET,IWM,whale,put,bearish,229.00,"April 2, 2026",1778145.00,9.00,90,v2,strong,t,239.88,Whale sweep at $239.88,239.88,Strike at $229.00,$224.42,Above Pivot at $244.08,,,$1.8M put flow at $229 strike with 100% ask aggression. Price at $239.88 below VWAP ($241.95).,,miss,missed,13.51,238.41,t,t,,,
03/30/2026,2:26 PM ET,IWM,spread,put,bearish,229.00,"April 17, 2026",1778145.00,9.00,90,v2,moderate,t,239.88,Whale sweep confirmed at $239.88 with price below VWAP $241.95,239.88241,$229.00 strike — institutionally targeted level,,Above Pivot at $244.08,,,"The institutional target is precisely the $229 strike, creating a well-defined floor for the short put leg. With nearly $11 of distance between current price and the target, selling the $229 put to offset premium cost meaningfully improves risk/reward without capping the realistic profit zone, especially given elevated index vol in a confirmed bearish sweep.",,miss,missed,13.51,238.41,t,t,,,
03/30/2026,2:26 PM ET,QQQ,algorithm,put,bearish,543.00,"April 2, 2026",393827.00,8.00,80,v2,strong,t,559.22,Below VWAP ($562.96) — Near $559.22,562.96559,$548.04,$536.85,Above Pivot at $565.06,,,"$394K put sweep at $543 strike with 100% ask aggression. Price at $559.22 below VWAP ($562.96). Price action confirmed: SR Tag + 2 Red Bars at $559.1 (lower high, lower low — confirmed).",,miss,missed,33.36,555.49,t,t,,,
03/30/2026,2:30 PM ET,SPY,algorithm,put,bearish,634.00,"April 2, 2026",618000.00,8.00,80,v2,strong,t,632.60,Below VWAP ($635.92) — Near $632.60,635.92632,$619.95,$607.30,Above Pivot at $636.62,,,"$618K put flow at $634 strike with 100% ask aggression. Price at $632.60 below VWAP ($635.92). Negative gamma zone — moves will be amplified. Price action confirmed: SR Tag + 2 Red Bars at $633.11 (lower high, lower low — confirmed).",,miss,missed,26.25,629.28,t,t,,,
03/30/2026,2:30 PM ET,QQQ,spread,put,bearish,543.00,"April 17, 2026",393827.00,8.00,80,v2,moderate,t,558.74,Below VWAP at $562.92 confirmed — current price $558.74 already triggering; enter on failed retest of $562,562.92558,$543.00 — institutional strike target,,Above Pivot at $565.06,,,"QQQ is already trading below VWAP with a clearly defined institutional target at $543, making the short $543 put leg a logical premium offset; with current price at $558.74, buying the near-money $559 put and selling the $543 target strike significantly improves cost efficiency versus the outright put in this elevated-IV environment.",,miss,missed,20.65,555.49,t,t,,,
03/30/2026,2:30 PM ET,NVDA,algorithm,put,bearish,170.00,"April 2, 2026",370500.00,7.00,70,v2,moderate,f,166.01,Below VWAP ($167.14) — Near $166.01,167.14166,$162.69,$159.37,Above Pivot at $168.50,,,"$371K put sweep at $170 strike with 100% ask aggression. Price at $166.01 below VWAP ($167.14). Price action confirmed: SR Tag + 2 Red Bars at $166.03 (lower high, lower low — confirmed).",,miss,missed,75.60,163.50,t,t,,,
03/30/2026,2:30 PM ET,MU,whale,put,bearish,302.50,"April 2, 2026",1097984.00,7.00,70,v2,moderate,f,325.46,Whale sweep at $325.46,325.46,Strike at $302.50,$296.45,Above Pivot at $359.99,,,$1.1M put flow at $302.5 strike with 100% ask aggression. Price at $325.46 below VWAP ($338.27).,,miss,missed,60.84,311.49,t,t,,,
03/30/2026,2:38 PM ET,OXY,algorithm,call,bullish,67.00,"April 2, 2026",425000.00,9.00,90,v2,,f,66.19,Near $66.19 (no VWAP data),66.19,Strike at $67.00,$68.34,Below $64.87,,,$425K call flow at $67 strike with 100% ask aggression. Price at $66.19.,,hit,hit,111.11,67.09,t,f,,,
03/30/2026,2:38 PM ET,SMH,spread,put,bearish,350.00,"April 2, 2026",541680.00,8.00,80,v2,,f,362.67,Near $362.67 (no VWAP data),362.67,Strike at $350.00,$343.00,Above $369.92,,,$542K put flow at $350 strike with 100% ask aggression. Price at $362.67.,,miss,missed,27.86,359.14,t,t,,,
03/30/2026,2:38 PM ET,TSLA,algorithm,put,bearish,340.00,"April 2, 2026",373477.00,8.00,80,v2,,f,355.71,Near $355.71 (no VWAP data),355.71,Strike at $340.00,$333.20,Above $362.82,,,$373K put flow at $340 strike with 100% ask aggression. Price at $355.71.,,miss,missed,23.49,352.02,t,t,,,
03/30/2026,2:46 PM ET,MU,spread,put,bearish,302.50,"April 17, 2026",1097984.00,7.00,70,v2,moderate,f,324.38,"Entry on confirmation that price holds below VWAP at $337.82 and prior day low of $354.06, with current price already at $324.38 showing extended weakness",337.82354,$302.50 strike — matches institutional target from whale sweep flow exactly,,Price reclaims above $359.99 pivot — negates bearish thesis and institutional directional bias,,,"MU has already sold off sharply from the prior day range ($354–$368) to $324, suggesting elevated put IV that makes the outright put expensive relative to the defined move; selling the $302.50 put against the long $325 put offsets inflated premium while the short strike sits at the precise institutional target, improving cost-adjusted risk/reward meaningfully.",,miss,missed,58.91,311.49,t,t,,,
03/30/2026,2:54 PM ET,MU,algorithm,put,bearish,325.00,"April 2, 2026",497130.00,8.00,80,v2,strong,t,323.87,Below VWAP ($337.51) — Near $323.87,337.51323,$317.39,$310.92,Above Pivot at $359.99,,,$497K put sweep at $325 strike with 76% ask aggression. Price at $323.87 below VWAP ($337.51). Negative gamma zone — moves will be amplified.,,hit,hit,175.15,312.52,t,f,wrong,"The overall trade is good, the near price is good, target looks fine, but the invalidateion is over 40 dollars away. Not too sure about this one. ",03/30/2026 4:24 PM ET
03/30/2026,2:58 PM ET,SPY,algorithm,put,bearish,643.00,"April 2, 2026",977000.00,8.00,80,v2,strong,t,631.81,Below VWAP ($635.57) — Near $631.81,635.57631,$619.17,$606.54,Above Pivot at $636.62,,,$977K put flow at $643 strike with 100% ask aggression. Price at $631.81 below VWAP ($635.57). Negative gamma zone — moves will be amplified. Price action confirmed: SR Tag + Red Rejection at $633.11 (lower high — likely reversal).,,miss,missed,20.02,629.28,t,t,,,
03/30/2026,3:06 PM ET,ORCL,algorithm,put,bearish,122.00,"April 2, 2026",494251.00,7.00,70,v2,strong,f,137.82,Near $137.82 (no VWAP data),137.82,Strike at $122.00,$119.56,Above $140.58,,,$494K put sweep at $122 strike with 87% ask aggression. Price at $137.82.,,miss,missed,4.49,137.11,t,t,,,
03/30/2026,3:10 PM ET,SPY,whale,put,bearish,600.00,"April 2, 2026",4044665.00,9.00,90,v2,strong,t,630.46,Whale sweep at $630.46,630.46,Strike at $600.00,$588.00,Above Pivot at $636.62,,,"$4.0M put flow at $600 strike with 99% ask aggression. Price at $630.46 below VWAP ($635.40). Price action confirmed: SR Tag + 2 Red Bars at $630.58 (lower high, lower low — confirmed).",,miss,missed,3.87,629.28,t,t,,,
03/30/2026,3:10 PM ET,IWM,whale,put,bearish,228.00,"April 2, 2026",2605077.00,8.00,80,v2,strong,t,239.04,Whale sweep at $239.04,239.04,Strike at $228.00,$223.44,Above Pivot at $244.08,,,"$2.6M put flow at $228 strike with 96% ask aggression. Price at $239.04 below VWAP ($241.73). Price action confirmed: SR Tag + 2 Red Bars at $239.75 (lower high, lower low — confirmed).",,miss,missed,5.71,238.41,t,t,,,
03/30/2026,3:30 PM ET,TSLA,algorithm,put,bearish,330.00,"April 2, 2026",529024.00,7.00,70,v2,moderate,f,352.69,Below VWAP ($360.22) — Near $352.69,360.22352,Strike at $330.00,$323.40,Above Pivot at $363.72,,,"$529K put flow at $330 strike with 100% ask aggression. Price at $352.69 below VWAP ($360.22). Price action confirmed: SR Tag + 2 Red Bars at $353.33 (lower high, lower low — confirmed).",,miss,missed,2.95,352.02,t,t,,,
03/30/2026,3:30 PM ET,TSLA,spread,put,bearish,330.00,"April 17, 2026",529024.00,7.00,70,v2,moderate,f,352.69,Confirmed break and hold below VWAP at $360.22 with price near current level of $352.69,360.22352,$330.00 — institutional strike target aligning with sold put,,Close or sustained move above $363.72 pivot,,,"TSLA is already trading well below VWAP and the $330 target is a defined floor from the institutional flow, making the short put leg at $330 a natural cap on the move. Selling the $330 put meaningfully reduces cost basis versus an outright put while preserving nearly full profit potential to the identified target, improving risk/reward in what is a moderately confident (7/10) signal.",,miss,missed,2.95,352.02,t,t,,,
03/30/2026,3:34 PM ET,SPY,whale,put,bearish,598.00,"April 2, 2026",1499226.00,9.00,90,v2,strong,t,629.58,Whale sweep at $629.58,629.58,Strike at $598.00,$586.04,Above Pivot at $636.62,,,"$1.5M put sweep at $598 strike with 100% ask aggression. Price at $629.58 below VWAP ($634.90). Price action confirmed: SR Tag + 2 Red Bars at $630.58 (lower high, lower low — confirmed).",,miss,missed,-1.23,629.97,f,t,,,
03/30/2026,3:34 PM ET,ARM,algorithm,put,bearish,125.00,"April 2, 2026",461960.00,6.00,60,v2,moderate,f,136.15,Near $136.15 (no VWAP data),136.15,Strike at $125.00,$122.50,Above $138.87,,,$462K put flow at $125 strike with 100% ask aggression. Price at $136.15.,,miss,missed,8.52,135.20,t,t,,,
03/30/2026,3:46 PM ET,SPY,algorithm,put,bearish,615.00,"April 2, 2026",726612.00,7.00,70,v2,moderate,f,630.92,Below VWAP ($634.70) — Near $630.92,634.7063,$618.30,$605.68,Above Pivot at $636.62,,,$727K put flow at $615 strike with 100% ask aggression. Price at $630.92 below VWAP ($634.70).,,miss,missed,7.53,629.97,t,t,,,
03/30/2026,4:01 PM ET,QQQ,algorithm,put,bearish,560.00,"April 2, 2026",968242.00,6.00,60,v2,moderate,f,558.00,Whale sweep at $558.00,558,$546.84,$535.68,Above Pivot at $565.06,,,$968K put sweep at $560 strike with 67% ask aggression. Price at $558.00 below VWAP ($561.58). Negative gamma zone — moves will be amplified.,,miss,missed,-0.09,558.01,f,t,,,
03/30/2026,4:13 PM ET,MU,algorithm,call,bullish,320.00,"April 2, 2026",585550.00,6.00,60,v2,moderate,f,320.50,On bounce from VWAP ($334.03) — Near $320.50,334.0332,VWAP at $334.03,Pivot at $359.99,Below $314.09,,,$586K call flow at $320 strike with 100% ask aggression. Price at $320.50 below VWAP ($334.03). Negative gamma zone — moves will be amplified.,,miss,missed,33.26,325.00,f,t,wrong,"On Entry, it just needs to say near 320 because if you wait for bounce from VWAP its going to be too far away. ",03/30/2026 4:22 PM ET
03/31/2026,4:37 AM ET,SPY,algorithm,put,bearish,665.00,"April 2, 2026",360880.00,7.00,70,v2,moderate,f,637.55,At VWAP ($638.12) — Near $637.55,638.12637,Pivot at $636.62,PDL at $633.11,Above R1 at $640.14,,,"$361K put sweep at $665 strike with 100% ask aggression. Price at $637.55 below VWAP ($638.12). Price action confirmed: SR Tag + 2 Red Bars at $636.62 (lower high, lower low — confirmed).",,miss,missed,-46.24,637.98,t,f,,,
03/31/2026,9:33 AM ET,QQQ,algorithm,call,bullish,570.00,"April 2, 2026",488227.00,6.00,60,v2,moderate,f,564.67,At VWAP ($564.19) — Near $564.67,564.19564,R1 at $565.68,PDH at $568.05,Below Pivot at $560.64,,,$488K call sweep at $570 strike with 99% ask aggression. Price at $564.67 above VWAP ($564.19). Negative gamma zone — moves will be amplified.,,hit,hit,149.50,566.18,t,f,,,
03/31/2026,9:41 AM ET,MU,algorithm,put,bearish,290.00,"April 2, 2026",767906.00,8.00,80,v2,strong,t,313.13,Whale sweep at $313.13,313.13,$306.87,$300.60,Above Pivot at $334.34,,,"$768K put sweep at $290 strike with 98% ask aggression. Price at $313.13 below VWAP ($320.32). Price action confirmed: SR Tag + 2 Red Bars at $318.4 (lower high, lower low — confirmed).",,miss,missed,26.20,311.49,t,t,,,
03/31/2026,9:41 AM ET,GLD,algorithm,put,bearish,425.00,"April 2, 2026",561005.00,7.00,70,v2,moderate,f,421.20,Whale sweep at $421.20,421.2,VWAP at $420.26,Pivot at $415.78,Above $429.62,,,$561K put sweep at $425 strike with 81% ask aggression. Price at $421.20 above VWAP ($420.26). Negative gamma zone — moves will be amplified.,,hit,hit,171.28,419.59,t,f,,,
03/31/2026,9:41 AM ET,GLD,spread,put,bearish,425.00,"April 17, 2026",561005.00,7.00,70,v2,moderate,f,421.20,Confirmed rejection below VWAP at $420.26 with price failing to reclaim $421,420.26421,$411.46 (S1),,Above $429.62,,,"GLD is already trading below the OTM put strike of $425 at $421.20, and the target of VWAP at $420.26 is extremely tight — just $0.94 away — making the outright put expensive relative to expected move. The bear put spread using S1 at $411.46 as the short strike cap defines a realistic floor given prior day low of $412.66, dramatically reducing cost basis while preserving the full expected downside range.",,miss,missed,16.53,419.59,t,t,,,
03/31/2026,9:49 AM ET,BKNG,algorithm,put,bearish,4350.00,"April 2, 2026",652800.00,6.00,60,v2,moderate,f,4146.44,Near $4146.44 (no VWAP data),4146.44,$4063.51,$3980.58,Above $4229.37,,,$653K put flow at $4350 strike with 100% ask aggression. Price at $4146.44.,,hit,hit,114.82,4051.22,t,t,,,
03/31/2026,9:53 AM ET,PLTR,whale,call,bullish,135.00,"April 2, 2026",1169035.00,7.00,70,v2,moderate,f,140.16,Whale sweep at $140.16,140.16,R1 at $142.34,PDH at $144.12,Below Pivot at $139.32,,,$1.2M call flow at $135 strike with 100% ask aggression. Price at $140.16 above VWAP ($139.69).,,hit,hit,111.93,142.60,t,t,,,
03/31/2026,9:53 AM ET,MSFT,algorithm,call,bullish,370.00,"April 2, 2026",391180.00,7.00,70,v2,moderate,f,366.81,At VWAP ($366.11) — Near $366.81,366.11366,Strike at $370.00,$377.40,Below Pivot at $360.20,,,$391K call flow at $370 strike with 100% ask aggression. Price at $366.81 above VWAP ($366.11). Negative gamma zone — moves will be amplified.,,hit,hit,104.39,370.14,t,f,,,
03/31/2026,9:53 AM ET,MSFT,spread,call,bullish,370.00,"April 17, 2026",391180.00,7.00,70,v2,moderate,f,366.81,Confirm hold above VWAP at $366.11 with price near $366.81,366.11366,"$373.00 — near $375 short strike, capturing bulk of spread value",,Below Pivot at $360.20 — full spread exit,,,"MSFT is trading below the $370 strike with a defined target ceiling right at that level, making the short $375 call an efficient premium seller. IV reduction benefit via the spread meaningfully improves cost basis versus buying the outright call on a stock that only needs to move ~$3 to hit target, capping the realistic upside and making the vertical structure ideal.",,hit,hit,102.75,373.17,t,f,,,
03/31/2026,9:53 AM ET,QQQ,algorithm,call,bullish,595.00,"April 2, 2026",748673.00,6.00,60,v2,moderate,f,567.43,At VWAP ($565.35) — Near $567.43,565.35567,PDH at $568.05,Strike at $595.00,Below Pivot at $560.64,,,$749K call flow at $595 strike with 100% ask aggression. Price at $567.43 above VWAP ($565.35). Price action confirmed: Support Tag + Green Bounce at $565.68 (higher low — likely reversal).,,hit,hit,209.68,568.73,t,f,,,
03/31/2026,10:00 AM ET,GLD,algorithm,call,bullish,423.00,"April 2, 2026",546089.00,8.00,80,v2,strong,t,423.13,At VWAP ($421.05) — Near $423.13,421.05423,$431.59,$440.06,Below Pivot at $415.78,,,"$546K call flow at $423 strike with 100% ask aggression. Price at $423.13 above VWAP ($421.05). Negative gamma zone — moves will be amplified. Price action confirmed: Support Bounce + 2 Green Bars at $423 (higher low, higher high — confirmed).",,hit,hit,101.06,431.68,t,f,,,
03/31/2026,10:00 AM ET,GLD,spread,call,bullish,423.00,"April 17, 2026",546089.00,8.00,80,v2,moderate,t,423.13,At or near VWAP ($421.05) with price holding above pivot at $415.78,421.05415,$431.59 (near short strike at $432),,Below Pivot at $415.78,,,"The signal has a well-defined price target of $431.59 which acts as a natural ceiling, making the $432 short call an ideal cap. With GLD trading near ATM and gold IV elevated given macro uncertainty, selling the $432 call meaningfully reduces the cost basis on a move that has a clearly bounded upside target.",,hit,hit,101.06,431.68,t,f,,,
03/31/2026,10:00 AM ET,SLV,algorithm,call,bullish,66.00,"April 2, 2026",981345.00,7.00,70,v2,moderate,f,66.44,At VWAP ($66.14) — Near $66.44,66.1466,$67.77,$69.10,Below Pivot at $63.72,,,$981K call flow at $66 strike with 100% ask aggression. Price at $66.44 above VWAP ($66.14). Negative gamma zone — moves will be amplified.,,hit,hit,103.76,67.82,t,f,,,
03/31/2026,10:00 AM ET,AMD,algorithm,call,bullish,200.00,"April 2, 2026",485000.00,6.00,60,v2,moderate,f,198.82,At VWAP ($199.06) — Near $198.82,199.06198,VWAP at $199.06,Pivot at $199.11,Below PDL at $192.87,,,"$485K call sweep at $200 strike with 100% ask aggression. Price at $198.82 below VWAP ($199.06). Negative gamma zone — moves will be amplified. Price action confirmed: Support Bounce + 2 Green Bars at $199.11 (higher low, higher high — confirmed).",,hit,hit,720.83,200.55,t,f,,,
03/31/2026,10:04 AM ET,SLV,spread,call,bullish,66.00,"April 17, 2026",981345.00,8.00,80,v2,moderate,t,66.77,"Above VWAP ($66.17) confirmed, entry near $66.77",66.1766,$68.11 (within short strike range at $69),,Below Pivot at $63.72,,,"SLV's defined target of $68.11 sits cleanly within the $67/$69 spread width, making the short leg at $69 a logical cap that funds the long without sacrificing meaningful upside. Silver options carry elevated IV given macro volatility, so selling the $69 call reduces cost basis materially while still covering the full expected move.",,hit,hit,106.72,68.20,t,f,,,
03/31/2026,10:12 AM ET,SOFI,algorithm,call,bullish,15.50,"April 2, 2026",731730.00,6.00,60,v2,moderate,f,15.54,Near $15.54 (no VWAP data),15.54,$15.85,$16.16,Below $15.22,,,$732K call flow at $15.5 strike with 98% ask aggression. Price at $15.54.,,hit,hit,132.26,15.95,t,f,,,
03/31/2026,10:20 AM ET,HIMS,algorithm,call,bullish,20.00,"April 2, 2026",560514.00,6.00,60,v2,moderate,f,19.50,Near $19.50 (no VWAP data),19.5,Strike at $20.00,$20.40,Below $19.11,,,$561K call flow at $20 strike with 100% ask aggression. Price at $19.50.,,hit,hit,110.00,20.05,t,f,,,
03/31/2026,10:24 AM ET,BABA,whale,call,bullish,130.00,"April 2, 2026",1185972.00,8.00,80,v2,strong,t,123.03,Whale sweep at $123.03,123.03,R1 at $123.33,PDH at $123.78,Below Pivot at $122.44,,,$1.2M call sweep at $130 strike with 100% ask aggression. Price at $123.03 above VWAP ($122.17). Price action confirmed: Support Tag + Green Bounce at $123.33 (higher low — likely reversal).,,hit,hit,143.33,123.46,t,f,,,
03/31/2026,10:28 AM ET,NVDA,whale,put,bearish,165.00,"April 2, 2026",1530697.00,7.00,70,v2,moderate,f,170.78,Whale sweep at $170.78,170.78,VWAP at $169.06,Pivot at $166.30,Above $174.20,,,$1.5M put flow at $165 strike with 100% ask aggression. Price at $170.78 above VWAP ($169.06).,,miss,missed,70.93,169.56,t,t,,,
03/31/2026,10:28 AM ET,AVGO,algorithm,put,bearish,295.00,"April 2, 2026",512750.00,6.00,60,v2,moderate,f,303.07,Near $303.07 (no VWAP data),303.07,Strike at $295.00,$289.10,Above $309.13,,,$513K put flow at $295 strike with 100% ask aggression. Price at $303.07.,,miss,missed,36.68,300.11,t,t,,,
03/31/2026,10:35 AM ET,MU,whale,call,bullish,330.00,"April 2, 2026",1680719.00,6.00,60,v2,moderate,f,327.75,Whale sweep at $327.75,327.75,Strike at $330.00,Pivot at $334.34,Below PDL at $318.40,,,$1.7M call flow at $330 strike with 100% ask aggression. Price at $327.75 above VWAP ($321.77). Negative gamma zone — moves will be amplified.,,hit,hit,168.44,331.54,t,t,,,
03/31/2026,10:39 AM ET,META,whale,call,bullish,560.00,"April 2, 2026",1053000.00,6.00,60,v2,moderate,f,557.21,Whale sweep at $557.21,557.21,Strike at $560.00,$571.20,Below Pivot at $534.82,,,$1.1M call flow at $560 strike with 100% ask aggression. Price at $557.21 above VWAP ($554.69). Negative gamma zone — moves will be amplified.,,hit,hit,110.04,560.28,t,f,,,
03/31/2026,10:46 AM ET,SLV,algorithm,call,bullish,67.00,"April 2, 2026",702659.00,6.00,60,v2,moderate,f,66.64,Near $66.64 (no VWAP data),66.64,Strike at $67.00,$68.34,Below $65.31,,,$703K call flow at $67 strike with 100% ask aggression. Price at $66.64.,,hit,hit,327.78,67.82,t,f,,,
03/31/2026,10:54 AM ET,GLD,algorithm,call,bullish,425.00,"April 2, 2026",844566.00,8.00,80,v2,strong,t,423.01,At VWAP ($422.59) — Near $423.01,422.59423,Strike at $425.00,$433.50,Below Pivot at $415.78,,,$845K call flow at $425 strike with 100% ask aggression. Price at $423.01 above VWAP ($422.59). Negative gamma zone — moves will be amplified.,,hit,hit,211.06,427.21,t,f,,,
03/31/2026,10:54 AM ET,MRVL,whale,put,bearish,95.00,"April 2, 2026",1112570.00,7.00,70,v2,moderate,f,94.46,Whale sweep at $94.46,94.46,Pivot at $90.31,PDL at $86.61,Above PDH at $96.50,,,"$1.1M put flow at $95 strike with 100% ask aggression. Price at $94.46 below VWAP ($94.81). Negative gamma zone — moves will be amplified. Price action confirmed: SR Tag + 2 Red Bars at $95 (lower high, lower low — confirmed).",,miss,missed,32.29,93.12,t,t,,,
03/31/2026,10:54 AM ET,TSLA,algorithm,put,bearish,365.00,"April 1, 2026",533496.00,6.00,60,v2,moderate,f,362.77,Whale sweep at $362.77,362.77,Pivot at $358.24,PDL at $352.14,Above R1 at $364.34,,,"$533K put sweep at $365 strike with 100% ask aggression. Price at $362.77 below VWAP ($363.62). Negative gamma zone — moves will be amplified. Price action confirmed: SR Tag + 2 Red Bars at $364.34 (lower high, lower low — confirmed).",,expired,expired,12.80,362.19,t,f,,,
03/31/2026,10:58 AM ET,SPY,algorithm,put,bearish,660.00,"April 2, 2026",635060.00,8.00,80,v2,strong,t,638.12,At VWAP ($640.53) — Near $638.12,640.53638,Pivot at $633.87,PDL at $629.28,Above R1 at $638.46,,,"$635K put flow at $660 strike with 100% ask aggression. Price at $638.12 below VWAP ($640.53). Price action confirmed: SR Tag + 2 Red Bars at $638.46 (lower high, lower low — confirmed).",,miss,missed,-12.94,638.67,t,f,wrong,,04/01/2026 12:04 AM ET
03/31/2026,10:58 AM ET,SOXL,algorithm,put,bearish,42.50,"April 2, 2026",559933.00,7.00,70,v2,moderate,f,43.39,Whale sweep at $43.39,43.39,Strike at $42.50,$41.65,Above $44.26,,,$560K put sweep at $42.5 strike with 100% ask aggression. Price at $43.39 below VWAP ($43.54).,,miss,missed,14.61,43.26,t,t,,,
03/31/2026,10:58 AM ET,SNDK,algorithm,call,bullish,600.00,"April 2, 2026",535300.00,6.00,60,v2,moderate,f,601.55,Whale sweep at $601.55,601.55,R1 at $629.48,PDH at $651.00,Below Pivot at $594.03,,,$535K call sweep at $600 strike with 100% ask aggression. Price at $601.55 above VWAP ($597.25). Negative gamma zone — moves will be amplified.,,hit,hit,103.97,630.59,t,t,,,
03/31/2026,10:58 AM ET,SNDK,algorithm,put,bearish,620.00,"April 2, 2026",433790.00,6.00,60,v2,moderate,f,601.55,On rejection from VWAP ($597.25) — Near $601.55,597.25601,VWAP at $597.25,Pivot at $594.03,Above R1 at $629.48,,,$434K put flow at $620 strike with 99% ask aggression. Price at $601.55 above VWAP ($597.25).,,hit,hit,116.98,596.52,t,f,,,
03/31/2026,11:26 AM ET,SLV,spread,call,bullish,67.00,"April 17, 2026",1498600.00,8.00,80,v2,moderate,t,66.80,Confirmation hold above $66.80 whale sweep level with price sustaining above VWAP at $66.47,66.8066,$70.00 short strike — defined ceiling given institutional target cluster near $67 and measured move extension,,Close below $63.72 pivot invalidation level,,,"SLV is trading near the strike at $66.80 with the institutional target only $0.20 away at $67, making the outright call expensive relative to the realistic near-term move. Selling the $70 call caps upside at a level well above the signal target, dramatically reducing cost basis and improving risk/reward on what is likely a measured, capped move in silver.",,hit,hit,510.00,67.82,t,f,,,
03/31/2026,11:27 AM ET,ORCL,algorithm,put,bearish,138.00,"April 2, 2026",506079.00,6.00,60,v2,moderate,f,142.89,On rejection from VWAP ($141.91) — Near $142.89,141.91142,VWAP at $141.91,Pivot at $138.98,Above $145.75,,,$506K put flow at $138 strike with 90% ask aggression. Price at $142.89 above VWAP ($141.91).,,hit,hit,122.45,141.69,t,f,,,
03/31/2026,11:33 AM ET,SPY,algorithm,put,bearish,640.00,"April 2, 2026",731264.00,8.00,80,v2,strong,t,640.25,Whale sweep at $640.25,640.25,Strike at $640.00,Pivot at $633.87,Above PDH at $640.37,,,"$731K put sweep at $640 strike with 100% ask aggression. Price at $640.25 below VWAP ($640.53). Negative gamma zone — moves will be amplified. Price action confirmed: SR Tag + 2 Red Bars at $640.37 (lower high, lower low — confirmed).",,hit,hit,292.00,639.52,t,t,,,
03/31/2026,11:42 AM ET,NVDA,algorithm,put,bearish,170.00,"April 1, 2026",581216.00,6.00,60,v2,moderate,f,170.16,At VWAP ($169.63) — Near $170.16,169.6317,Strike at $170.00,VWAP at $169.63,Above $173.56,,,$581K put flow at $170 strike with 100% ask aggression. Price at $170.16 above VWAP ($169.63). Negative gamma zone — moves will be amplified.,,hit,hit,250.00,169.76,f,f,,,
03/31/2026,12:03 PM ET,AMD,algorithm,call,bullish,195.00,"April 1, 2026",753110.00,6.00,60,v2,moderate,f,197.49,Near $197.49 (no VWAP data),197.49,$201.44,$205.39,Below $193.54,,,$753K call flow at $195 strike with 100% ask aggression. Price at $197.49.,,hit,hit,111.14,201.88,t,f,,,
03/31/2026,12:11 PM ET,NVDA,algorithm,put,bearish,172.50,"April 1, 2026",828237.00,6.00,60,v2,moderate,f,170.66,Near $170.66 (no VWAP data),170.66,$167.25,$163.83,Above $174.07,,,$828K put flow at $172.5 strike with 100% ask aggression. Price at $170.66.,,miss,missed,2.05,170.59,t,t,,,
03/31/2026,12:32 PM ET,SNDK,whale,call,bullish,580.00,"April 2, 2026",3087879.00,6.00,60,v2,moderate,f,606.90,Whale sweep at $606.90,606.9,$619.04,$631.18,Below $594.76,,,$3.1M call flow at $580 strike with 100% ask aggression. Price at $606.90.,,hit,hit,101.48,619.22,t,f,,,
03/31/2026,12:32 PM ET,GLD,whale,call,bullish,424.00,"April 2, 2026",1119970.00,6.00,60,v2,moderate,f,424.11,Whale sweep at $424.11,424.11,$432.59,$441.07,Below $415.63,,,$1.1M call flow at $424 strike with 100% ask aggression. Price at $424.11.,,hit,hit,156.37,437.37,t,f,,,
03/31/2026,12:44 PM ET,NEM,algorithm,call,bullish,107.00,"April 2, 2026",493098.00,7.00,70,v2,strong,f,106.42,Near $106.42 (no VWAP data),106.42,Strike at $107.00,$109.14,Below $104.29,,,$493K call flow at $107 strike with 100% ask aggression. Price at $106.42.,,hit,hit,282.76,108.06,t,f,,,
03/31/2026,12:44 PM ET,NVDA,algorithm,put,bearish,175.00,"April 1, 2026",564701.00,6.00,60,v2,moderate,f,170.82,Near $170.82 (no VWAP data),170.82,$167.40,$163.99,Above $174.24,,,$565K put flow at $175 strike with 100% ask aggression. Price at $170.82.,,miss,missed,-42.69,172.28,f,t,,,
03/31/2026,12:48 PM ET,SMH,algorithm,call,bullish,377.50,"April 2, 2026",709447.00,6.00,60,v2,moderate,f,378.97,Near $378.97 (no VWAP data),378.97,$386.55,$394.13,Below $371.39,,,$709K call flow at $377.5 strike with 100% ask aggression. Price at $378.97.,,hit,hit,151.72,390.47,t,f,correct,,04/01/2026 12:04 AM ET
03/31/2026,12:56 PM ET,TSLA,algorithm,call,bullish,360.00,"April 1, 2026",783675.00,6.00,60,v2,moderate,f,369.74,Whale sweep at $369.74,369.74,$377.13,$384.53,Below $362.35,,,$784K call sweep at $360 strike with 84% ask aggression. Price at $369.74.,,hit,hit,154.40,381.15,t,f,,,
03/31/2026,12:56 PM ET,AMD,algorithm,put,bearish,195.00,"April 1, 2026",1431909.00,6.00,60,v2,moderate,f,200.57,Whale sweep at $200.57,200.57,Strike at $195.00,$191.10,Above $204.58,,,$1.4M put flow at $195 strike with 83% ask aggression. Price at $200.57.,,miss,missed,-10.95,201.18,f,t,,,
03/31/2026,1:04 PM ET,META,algorithm,call,bullish,565.00,"April 2, 2026",712300.00,6.00,60,v2,moderate,f,567.54,Near $567.54 (no VWAP data),567.54,$578.89,$590.24,Below $556.19,,,$712K call flow at $565 strike with 100% ask aggression. Price at $567.54.,,hit,hit,122.82,581.48,t,f,correct,,04/01/2026 12:03 AM ET
03/31/2026,1:04 PM ET,SPY,algorithm,call,bullish,647.00,"April 2, 2026",515500.00,6.00,60,v2,moderate,f,646.57,Near $646.57 (no VWAP data),646.57,Strike at $647.00,$659.94,Below $633.64,,,$516K call flow at $647 strike with 100% ask aggression. Price at $646.57.,,hit,hit,400.00,648.29,t,f,,,
03/31/2026,1:04 PM ET,LITE,algorithm,call,bullish,710.00,"April 2, 2026",468710.00,6.00,60,v2,moderate,f,686.93,Near $686.92 (no VWAP data),686.92,Strike at $710.00,$724.20,Below $673.19,,,$469K call sweep at $710 strike with 71% ask aggression. Price at $686.92.,,hit,hit,126.01,716.00,t,f,,,
03/31/2026,1:08 PM ET,XOM,algorithm,put,bearish,170.00,"April 2, 2026",633434.00,8.00,80,v2,strong,t,168.89,Below VWAP ($172.77) — Near $168.89,172.77168,$165.51,$162.13,Above Pivot at $172.98,,,"$633K put flow at $170 strike with 95% ask aggression. Price at $168.89 below VWAP ($172.77). Negative gamma zone — moves will be amplified. Price action confirmed: SR Tag + 2 Red Bars at $169.55 (lower high, lower low — confirmed).",,hit,hit,179.88,162.81,t,f,correct,,04/01/2026 12:02 AM ET
03/31/2026,1:12 PM ET,QQQ,algorithm,call,bullish,575.00,"April 2, 2026",802640.00,7.00,70,v2,moderate,f,574.42,Above VWAP ($568.56) — Near $574.42,568.56574,Strike at $575.00,$586.50,Below Pivot at $560.64,,,"$803K call flow at $575 strike with 100% ask aggression. Price at $574.42 above VWAP ($568.56). Negative gamma zone — moves will be amplified. Price action confirmed: Support Bounce + 2 Green Bars at $573.09 (higher low, higher high — confirmed).",,hit,hit,265.52,575.96,t,f,,,
03/31/2026,1:16 PM ET,MDB,algorithm,call,bullish,255.00,"April 2, 2026",513030.00,7.00,70,v2,moderate,f,244.61,Whale sweep at $244.61,244.61,Strike at $255.00,$260.10,Below $239.72,,,$513K call sweep at $255 strike with 100% ask aggression. Price at $244.61.,,hit,hit,84.70,253.41,t,f,correct,,04/01/2026 12:01 AM ET
03/31/2026,1:16 PM ET,VRT,algorithm,call,bullish,250.00,"April 2, 2026",568160.00,6.00,60,v2,moderate,f,248.17,Whale sweep at $248.17,248.17,Strike at $250.00,$255.00,Below $243.21,,,$568K call sweep at $250 strike with 100% ask aggression. Price at $248.17.,,hit,hit,100.00,250.00,t,f,,,
03/31/2026,1:20 PM ET,MSTR,algorithm,call,bullish,125.00,"April 2, 2026",621865.00,6.00,60,v2,moderate,f,123.82,Near $123.82 (no VWAP data),123.82,Strike at $125.00,$127.50,Below $121.34,,,$622K call flow at $125 strike with 100% ask aggression. Price at $123.82.,,hit,hit,125.42,125.30,t,f,,,
03/31/2026,1:28 PM ET,AVGO,algorithm,put,bearish,300.00,"April 2, 2026",743707.00,6.00,60,v2,moderate,f,307.40,On rejection from VWAP ($302.47) — Near $307.40,302.47307,VWAP at $302.47,Strike at $300.00,Above $313.55,,,$744K put flow at $300 strike with 100% ask aggression. Price at $307.40 above VWAP ($302.47).,,miss,missed,28.40,306.00,f,t,wrong,,04/01/2026 12:00 AM ET
03/31/2026,1:28 PM ET,DELL,algorithm,put,bearish,150.00,"April 2, 2026",553760.00,6.00,60,v2,moderate,f,159.65,At VWAP ($159.17) — Near $159.65,159.17159,VWAP at $159.17,Strike at $150.00,Above Pivot at $167.05,,,$554K put flow at $150 strike with 87% ask aggression. Price at $159.65 above VWAP ($159.17).,,hit,hit,137.50,158.99,t,f,,,
03/31/2026,1:36 PM ET,RDDT,algorithm,call,bullish,150.00,"April 2, 2026",575190.00,6.00,60,v2,moderate,f,135.26,Near $135.26 (no VWAP data),135.26,Strike at $150.00,$153.00,Below $132.55,,,$575K call flow at $150 strike with 100% ask aggression. Price at $135.26.,,miss,missed,27.68,139.34,t,t,,,
03/31/2026,1:41 PM ET,META,whale,put,bearish,580.00,"April 2, 2026",1010000.00,8.00,80,v2,strong,t,569.72,Whale sweep at $569.72,569.72,VWAP at $558.68,Pivot at $534.82,Above $581.11,,,$1.0M put flow at $580 strike with 100% ask aggression. Price at $569.72 above VWAP ($558.68). Negative gamma zone — moves will be amplified.,,miss,missed,14.22,568.15,t,t,,,
03/31/2026,1:49 PM ET,U,whale,call,bullish,23.00,"April 2, 2026",1836797.00,8.00,80,v2,strong,t,21.94,Whale sweep at $21.94,21.94,Strike at $23.00,$23.46,Below Pivot at $20.21,,,$1.8M call flow at $23 strike with 83% ask aggression. Price at $21.94 above VWAP ($21.76).,,partial,partial_hit,65.09,22.63,t,f,,,
03/31/2026,1:53 PM ET,MU,algorithm,put,bearish,305.00,"April 2, 2026",787360.00,7.00,70,v2,moderate,f,326.78,On rejection from VWAP ($323.60) — Near $326.78,323.60326,VWAP at $323.60,PDL at $318.40,Above Pivot at $334.34,,,$787K put flow at $305 strike with 90% ask aggression. Price at $326.78 above VWAP ($323.60).,,miss,missed,92.14,323.85,f,t,,,
03/31/2026,1:57 PM ET,SPXW,algorithm,call,bullish,6500.00,"April 2, 2026",705000.00,6.00,60,v2,moderate,f,6491.53,"Above VWAP ($6,453) — Near $6,492",64536492,"$6,518 (previous swing high), then $6,539",$6630.00,"Below $6,453 (VWAP break invalidates bullish thesis)",,,$705K call flow at $6500 strike with 100% ask aggression. Price at $6491.53.,,hit,hit,446.32,6609.67,f,f,correct,"Entry was perfect, but Target only 9 pts away. Went to 6528. Target should have been previous major swing high at 6517-6528",03/31/2026 9:00 PM ET
03/31/2026,2:10 PM ET,SLV,whale,call,bullish,68.00,"April 2, 2026",1576322.00,8.00,80,v2,strong,t,68.04,Whale sweep at $68.04,68.04,$69.40,$70.76,Below Pivot at $63.72,,,$1.6M call flow at $68 strike with 100% ask aggression. Price at $68.04 above VWAP ($66.93). Negative gamma zone — moves will be amplified.,,partial,partial_hit,63.97,68.91,t,f,,,
03/31/2026,2:18 PM ET,XLE,algorithm,put,bearish,60.00,"April 2, 2026",440000.00,7.00,70,v2,moderate,f,60.65,Below VWAP ($61.53) — Near $60.65,61.536,Strike at $60.00,$58.80,Above Pivot at $62.40,,,$440K put flow at $60 strike with 85% ask aggression. Price at $60.65 below VWAP ($61.53). Negative gamma zone — moves will be amplified.,,hit,hit,186.15,59.44,t,f,,,
03/31/2026,2:22 PM ET,COIN,algorithm,put,bearish,175.00,"April 2, 2026",389502.00,6.00,60,v2,moderate,f,172.30,Near $172.30 (no VWAP data),172.3,$168.85,$165.41,Above $175.75,,,$390K put flow at $175 strike with 100% ask aggression. Price at $172.30.,,miss,missed,-41.74,173.74,f,t,wrong,,03/31/2026 11:57 PM ET
03/31/2026,4:12 PM ET,QQQ,whale,call,bullish,578.00,"April 2, 2026",3327709.00,8.00,80,v2,strong,t,577.39,Whale sweep at $577.39,577.39,Strike at $578.00,$589.56,Below Pivot at $560.64,,,"$3.3M call flow at $578 strike with 98% ask aggression. Price at $577.39 above VWAP ($571.77). Negative gamma zone — moves will be amplified. Price action confirmed: Support Bounce + 2 Green Bars at $578 (higher low, higher high — confirmed).",,hit,hit,188.52,578.54,t,f,,,
03/31/2026,4:12 PM ET,MU,algorithm,call,bullish,325.00,"April 2, 2026",345644.00,7.00,70,v2,moderate,f,339.23,Above VWAP ($325.78) — Near $339.23,325.78339,R1 at $350.28,PDH at $362.81,Below Pivot at $334.34,,,$346K call flow at $325 strike with 100% ask aggression. Price at $339.23 above VWAP ($325.78).,,hit,hit,122.08,352.72,t,f,,,
03/31/2026,4:16 PM ET,QQQ,spread,call,bullish,578.00,"April 17, 2026",3327709.00,8.00,80,v2,moderate,t,577.45,Confirmed hold above $577.45 with follow-through momentum,577.45,$590.00 — aligns with extended move above prior day high resistance cluster,,Close below Pivot at $560.64,,,"QQQ is trading near the money with a strike at $578 and the whale sweep premium of $3.3M suggests elevated IV on ATM calls, making a spread a smarter way to reduce cost basis. The prior day high at $568.05 and clear ceiling around $590 define a natural range for the spread width, improving risk/reward meaningfully versus paying full ATM premium outright.",,hit,hit,81.99,587.74,t,f,,,
03/31/2026,4:16 PM ET,MU,spread,call,bullish,325.00,"April 17, 2026",345644.00,7.00,70,v2,moderate,f,338.72,Hold above $338.72 with confirmation of continued momentum toward R1,338.721,$350.28 — R1 level is the institutional target and natural spread ceiling,,Close below Pivot at $334.34,,,"MU has a clearly defined upside target at R1 $350.28 which creates an ideal ceiling for the short call leg, and the wide prior day range ($318.40 to $362.81) signals elevated IV that inflates outright call premiums. Selling the $355 call against the $340 long call caps the cost basis while capturing the full expected move to R1.",,hit,hit,121.11,352.72,t,f,,,
03/31/2026,7:26 PM ET,test,algorithm,call,bullish,1.00,01/01/2027,1.00,1.00,1,v2,,t,,,,,,,,,test,,expired,pending,,,f,f,wrong,,04/02/2026 9:04 AM ET
03/31/2026,7:27 PM ET,SPXW,algorithm,call,bullish,6530.00,04/04/2026,352570.00,7.00,72,v2,moderate,t,6528.52,"Above VWAP ($6,468) — Near $6,528",64686528,"$6,539 (previous swing high)","$6,550","Below $6,468 (VWAP break invalidates bullish thesis)",positive,"Near call wall at $6,535 — dealers sell here, strong resistance. Long gamma suppresses moves. Needs breakout above call wall for upside.","SPXW $6530 call with $352K premium via repeated hits. 6,140 contracts traded vs 481 OI (12.8x vol/OI). Strike at $6,530 — directly at the GEX call wall ($6,535) where dealer hedging creates strong resistance. SPX at $6,528, essentially ATM. Long gamma territory means dealer hedging suppresses moves. High risk/reward: if call wall breaks, dealers chase-hedge higher creating a squeeze.",,hit,hit,774.33,6609.67,f,f,,,
03/31/2026,7:27 PM ET,SPXW,algorithm,put,bearish,6460.00,04/04/2026,171350.00,7.00,68,v2,moderate,t,6528.52,"Above VWAP ($6,470) — Near $6,528",64706528,"$6,518 (previous swing low), then $6,505","$6,490","Above $6,470 (VWAP reclaim invalidates bearish thesis)",positive,"Above gamma flip ($6,405) — long gamma territory, dealer hedging dampens selling. Needs strong catalyst to overcome gamma suppression.","SPXW $6460 put with $171K premium via repeated ascending fills. 2,438 contracts vs 188 OI (13x vol/OI). Strike between price ($6,528) and gamma flip ($6,405). Long gamma = dealers counteract selling, making drops harder. GEX context: above gamma flip, dealer hedging works against bearish direction. Lower conviction due to fighting long gamma.",,miss,missed,-244.96,6554.29,t,t,,,
03/31/2026,7:27 PM ET,SPX,whale,put,bearish,6400.00,04/17/2026,1756980.00,8.00,82,v2,strong,t,6532.08,"Above VWAP ($6,465) — Whale sweep at $6,532",64656532,"$6,518 (previous swing low), then $6,505","$6,350","Above $6,465 (VWAP reclaim invalidates bearish thesis)",neutral,"Near gamma flip at $6,405 — THE transition zone. If price breaks below, dealers switch from suppressing to amplifying moves. Key magnet and put wall confluence.","SPX $6400 put with $1.75M premium via repeated descending fills — institutional size. 6,459 contracts vs 22,231 OI. Strike at $6,400 is directly at gamma flip ($6,405) and put wall — THE key level. If SPX breaks below $6,405, dealers flip from long to short gamma and AMPLIFY the move down. Someone is betting on a gamma flip break. Highest GEX concentration at this level. April expiry = swing position.",,miss,missed,34.16,6527.27,t,t,correct,,03/31/2026 9:53 PM ET
03/31/2026,7:37 PM ET,SPXW,algorithm,put,bearish,6365.00,04/01/2026,2473935.00,7.00,74,v2,moderate,t,6420.00,"Above VWAP ($6,436) — Near $6,440",64366440,"$6,434 (previous swing low), then $6,405","$6,390","Above $6,436 (VWAP reclaim invalidates bearish thesis)",positive,"Above gamma flip ($6,405) but targeting a break below it. If $6,405 breaks, dealers flip to short gamma and amplify the selloff. Morning selling pressure pushing toward this level.","SPXW $6365 put expiring tomorrow with $2.47M premium. 2,663 contracts vs 523 OI (5.1x vol/OI — aggressive new positioning). 65% ask-side aggression. SPX at ~$6,420 when this hit, dropping toward gamma flip at $6,405. Strike below the gamma flip — if SPX breaks $6,405, dealers switch from long to short gamma and amplify the drop. This put targets that exact gamma flip break. Morning selloff was already pushing SPX down from $6,426.",,hit,hit,,6404.54,t,t,correct,PERFECT! Target 6405 PERFECT ,03/31/2026 9:40 PM ET
03/31/2026,7:37 PM ET,SPXW,algorithm,put,bearish,6310.00,04/02/2026,2253915.00,7.00,70,v2,moderate,t,6395.00,"Below VWAP ($6,432) — Near $6,415",64326415,"$6,405 (previous swing low), then $6,365","$6,350","Above $6,432 (VWAP reclaim invalidates bearish thesis)",negative,"Deep below gamma flip ($6,405) — short gamma territory where dealer hedging amplifies moves. 85% ask aggression shows strong conviction. Needs gamma flip break as catalyst.","SPXW $6310 put with $2.25M premium. 3,305 contracts vs 602 OI (5.5x vol/OI ratio). 85% ask aggression — very aggressive buying. Strike at $6,310, well below current price and gamma flip ($6,405). This is a short gamma acceleration target — if SPX breaks the gamma flip, dealer hedging amplifies moves and $6,310 becomes reachable. 2-day expiry gives time for the thesis to play out. Morning selloff already tested $6,380.",,miss,missed,,6411.32,t,t,correct,"Entry okay, only went to 6420",03/31/2026 8:19 PM ET
03/31/2026,7:37 PM ET,SPXW,whale,call,bullish,6500.00,04/06/2026,21050065.00,8.00,80,v2,strong,t,6405.00,"Below VWAP ($6,432) — needs reclaim above $6,432 for entry",64326432,"$6,446 (previous swing high), then $6,518","$6,450","Below $6,432 (VWAP break invalidates bullish thesis)",neutral,"Right at gamma flip ($6,405) — dealers are long gamma here and suppress downside. $21M call buy at this exact support level is a whale betting on the bounce. Key magnet and put wall confluence.","SPXW $6500 call with $21M premium — massive institutional call buying. 3,574 contracts vs 605 OI (5.9x vol/OI). 72% ask aggression. SPX was around $6,400 at the gamma flip when this hit — someone bought $21M in calls while SPX was at support. Gamma flip at $6,405 means dealers are long gamma here and will suppress further downside. This whale bet is that the gamma flip holds as support and SPX bounces. Strike at $6,500 is above current price — needs the bounce to work.",,hit,hit,499.20,6609.67,f,t,correct,"VWAP IS AT 6431. (ENTRY OF 6420 is actually below vwap, but the target is really good. ",03/31/2026 8:19 PM ET
03/31/2026,9:10 PM ET,SPXW,whale,put,bearish,6460.00,2026-04-01,171350.00,7.50,70,v2,high,t,6528.52,"Above VWAP ($6,472) — Near $6,529",64726529,"$6,518 (previous swing low), then $6,517",,"Above $6,472 (VWAP reclaim invalidates bearish thesis)",,,"SPX put flow: $171,350 premium, 2,438 volume at $6,460 strike, SPX @ $6,528.52",,expired,expired,-244.96,6554.29,t,t,,,
03/31/2026,9:10 PM ET,SPXW,whale,put,bearish,6855.00,2026-04-01,11038336.00,7.50,70,v2,high,t,6528.52,"Above VWAP ($6,472) — Near $6,529",64726529,"$6,518 (previous swing low), then $6,517",,"Above $6,472 (VWAP reclaim invalidates bearish thesis)",,,"SPX put flow: $11,038,336 premium, 332 volume at $6,855 strike, SPX @ $6,528.52",,expired,expired,-244.96,6554.29,t,t,,,
03/31/2026,9:10 PM ET,SPXW,whale,put,bearish,6205.00,2026-04-01,2150696.00,7.50,70,v2,high,t,6528.52,"Above VWAP ($6,472) — Near $6,529",64726529,"$6,518 (previous swing low), then $6,517",,"Above $6,472 (VWAP reclaim invalidates bearish thesis)",,,"SPX put flow: $2,150,696 premium, 334 volume at $6,205 strike, SPX @ $6,528.52",,expired,expired,-244.96,6554.29,t,t,,,
03/31/2026,9:10 PM ET,SPXW,whale,call,bullish,6880.00,2026-04-01,279460.00,7.50,70,v2,high,t,6528.47,"Above VWAP ($6,472) — Near $6,528",64726528,"$6,539 (previous swing high)",,"Below $6,472 (VWAP break invalidates bullish thesis)",,,"SPX call flow: $279,460 premium, 157 volume at $6,880 strike, SPX @ $6,528.47",,hit,hit,771.13,6609.67,f,f,,,
03/31/2026,9:10 PM ET,SPXW,whale,call,bullish,6920.00,2026-04-01,422410.00,7.50,70,v2,high,t,6528.47,"Above VWAP ($6,472) — Near $6,528",64726528,"$6,539 (previous swing high)",,"Below $6,472 (VWAP break invalidates bullish thesis)",,,"SPX call flow: $422,410 premium, 148 volume at $6,920 strike, SPX @ $6,528.47",,hit,hit,771.13,6609.67,f,f,,,
03/31/2026,9:10 PM ET,SPXW,whale,put,bearish,6535.00,2026-04-01,135790.00,7.50,70,v2,high,t,6519.49,"Above VWAP ($6,471) — Near $6,519",64716519,"$6,517 (previous swing low), then $6,505",,"Above $6,471 (VWAP reclaim invalidates bearish thesis)",,,"SPX put flow: $135,790 premium, 5,027 volume at $6,535 strike, SPX @ $6,519.49",,expired,expired,-312.45,6527.27,t,t,,,
03/31/2026,9:10 PM ET,SPXW,whale,call,bullish,6515.00,2026-04-01,187680.00,7.50,70,v2,high,t,6521.28,"Above VWAP ($6,471) — Near $6,521",64716521,"$6,523 (previous swing high), then $6,539",,"Below $6,471 (VWAP break invalidates bullish thesis)",,,"SPX call flow: $187,680 premium, 68,823 volume at $6,515 strike, SPX @ $6,521.28",,hit,hit,5138.95,6609.67,f,f,,,
03/31/2026,9:10 PM ET,SPXW,whale,call,bullish,6520.00,2026-04-01,112800.00,7.50,70,v2,high,t,6524.85,"Above VWAP ($6,470) — Near $6,525",64706525,"Strike at $6,520",,"Below $6,470 (VWAP break invalidates bullish thesis)",,,"SPX call flow: $112,800 premium, 81,902 volume at $6,520 strike, SPX @ $6,524.85",,hit,hit,,6609.67,f,f,,,
03/31/2026,9:10 PM ET,SPXW,whale,put,bearish,6525.00,2026-04-01,358790.00,7.50,70,v2,high,t,6523.35,"Above VWAP ($6,470) — Near $6,523",64706523,"$6,517 (previous swing low), then $6,505",,"Above $6,470 (VWAP reclaim invalidates bearish thesis)",,,"SPX put flow: $358,790 premium, 597 volume at $6,525 strike, SPX @ $6,523.35",,expired,expired,-61.73,6527.27,t,t,,,
03/31/2026,9:10 PM ET,SPXW,whale,put,bearish,6550.00,2026-04-01,456000.00,7.50,70,v2,high,t,6532.42,"Above VWAP ($6,470) — Near $6,532",64706532,"$6,517 (previous swing low), then $6,505",,"Above $6,470 (VWAP reclaim invalidates bearish thesis)",,,"SPX put flow: $456,000 premium, 966 volume at $6,550 strike, SPX @ $6,532.42",,expired,expired,33.40,6527.27,t,t,,,
03/31/2026,9:10 PM ET,SPXW,whale,put,bearish,6500.00,2026-04-01,123600.00,7.50,70,v2,high,t,6532.84,"Above VWAP ($6,470) — Near $6,533",64706533,"$6,517 (previous swing low), then $6,505",,"Above $6,470 (VWAP reclaim invalidates bearish thesis)",,,"SPX put flow: $123,600 premium, 3,920 volume at $6,500 strike, SPX @ $6,532.84",,expired,expired,35.16,6527.27,t,t,,,
03/31/2026,9:10 PM ET,SPXW,whale,put,bearish,6200.00,2026-04-01,199040.00,7.50,70,v2,high,t,6535.08,"Above VWAP ($6,470) — Near $6,535",64706535,"$6,517 (previous swing low), then $6,505",,"Above $6,470 (VWAP reclaim invalidates bearish thesis)",,,"SPX put flow: $199,040 premium, 314 volume at $6,200 strike, SPX @ $6,535.08",,expired,expired,43.20,6527.27,t,t,,,
03/31/2026,9:10 PM ET,SPXW,whale,call,bullish,6545.00,2026-04-01,208620.00,7.50,70,v2,high,t,6538.83,"Above VWAP ($6,470) — Near $6,539",64706539,"Strike at $6,545",,"Below $6,470 (VWAP break invalidates bullish thesis)",,,"SPX call flow: $208,620 premium, 35,651 volume at $6,545 strike, SPX @ $6,538.83",,hit,hit,1148.14,6609.67,f,f,,,
03/31/2026,9:10 PM ET,SPXW,whale,call,bullish,6540.00,2026-04-01,136790.00,7.50,70,v2,high,t,6535.93,"Above VWAP ($6,470) — Near $6,536",64706536,"Strike at $6,540",,"Below $6,470 (VWAP break invalidates bullish thesis)",,,"SPX call flow: $136,790 premium, 61,099 volume at $6,540 strike, SPX @ $6,535.93",,hit,hit,1811.79,6609.67,f,f,,,
03/31/2026,9:10 PM ET,SPXW,whale,put,bearish,6475.00,2026-04-01,525000.00,7.50,70,v2,high,t,6533.54,"Above VWAP ($6,470) — Near $6,534",64706534,"$6,517 (previous swing low), then $6,505",,"Above $6,470 (VWAP reclaim invalidates bearish thesis)",,,"SPX put flow: $525,000 premium, 385 volume at $6,475 strike, SPX @ $6,533.54",,expired,expired,37.91,6527.27,t,t,,,
03/31/2026,9:10 PM ET,SPXW,whale,put,bearish,6530.00,2026-04-01,363030.00,7.50,70,v2,high,t,6533.41,"Above VWAP ($6,470) — Near $6,533",64706533,"$6,517 (previous swing low), then $6,505",,"Above $6,470 (VWAP reclaim invalidates bearish thesis)",,,"SPX put flow: $363,030 premium, 2,168 volume at $6,530 strike, SPX @ $6,533.41",,expired,expired,37.42,6527.27,t,t,,,
03/31/2026,9:10 PM ET,SPX,whale,put,bearish,6075.00,2026-04-01,710500.00,7.50,70,v2,high,t,6533.41,"Above VWAP ($6,470) — Near $6,533",64706533,"$6,517 (previous swing low), then $6,505",,"Above $6,470 (VWAP reclaim invalidates bearish thesis)",,,"SPX put flow: $710,500 premium, 7,580 volume at $6,075 strike, SPX @ $6,533.41",,expired,expired,37.42,6527.27,t,t,,,
03/31/2026,9:10 PM ET,SPXW,whale,put,bearish,6575.00,2026-04-01,632970.00,7.50,70,v2,high,t,6532.88,"Above VWAP ($6,470) — Near $6,533",64706533,"$6,517 (previous swing low), then $6,505",,"Above $6,470 (VWAP reclaim invalidates bearish thesis)",,,"SPX put flow: $632,970 premium, 221 volume at $6,575 strike, SPX @ $6,532.88",,expired,expired,35.33,6527.27,t,t,,,
03/31/2026,9:10 PM ET,SPX,whale,put,bearish,6400.00,2026-04-01,1756980.00,7.50,70,v2,high,t,6532.08,"Above VWAP ($6,470) — Near $6,532",64706532,"$6,517 (previous swing low), then $6,505",,"Above $6,470 (VWAP reclaim invalidates bearish thesis)",,,"SPX put flow: $1,756,980 premium, 6,459 volume at $6,400 strike, SPX @ $6,532.08",,expired,expired,31.90,6527.27,t,t,,,
04/01/2026,7:37 AM ET,AVGO,algorithm,put,bearish,330.00,"April 2, 2026",317755.00,6.00,60,v2,moderate,f,314.55,At VWAP ($312.98) — Near $314.55,312.98314,VWAP at $312.98,Pivot at $296.05,Above $320.84,,,$318K put flow at $330 strike with 100% ask aggression. Price at $314.55 above VWAP ($312.98).,,hit,hit,213.38,311.20,t,f,,,
04/01/2026,9:35 AM ET,SNDK,algorithm,call,bullish,650.00,"April 2, 2026",287670.00,6.00,60,v4,moderate,f,664.05,Near $664.05 (no VWAP data),664.05,$677.33,,Below $650.76,,,$288K call sweep at $650 strike with 99% ask aggression. Price at $664.05.,,hit,hit,127.18,680.94,t,t,,,
04/01/2026,9:38 AM ET,MRVL,algorithm,call,bullish,110.00,"April 2, 2026",363000.00,7.00,70,v4,moderate,f,103.89,Above VWAP ($102.85) — Near $103.89,102.85103,$110.00 (strike level),,Below $102.85 (VWAP break invalidates bullish thesis),,,$363K call flow at $110 strike with 100% ask aggression. Price at $103.89 above VWAP ($102.85). Price action confirmed: Support Tag + Green Bounce at $103.73 (higher low — likely reversal).,,miss,missed,64.65,107.84,t,t,,,
04/01/2026,9:38 AM ET,TSLA,algorithm,put,bearish,350.00,"April 2, 2026",384720.00,5.00,50,v4,moderate,f,376.95,At VWAP ($377.41) — Near $376.95,377.41376,"$376.33 (previous swing low), then $374.87",,Above $377.41 (VWAP reclaim invalidates bearish thesis),,,"$385K put sweep at $350 strike with 67% ask aggression. Price at $376.95 below VWAP ($377.41). Price action confirmed: SR Tag + 2 Red Bars at $376.38 (lower high, lower low — confirmed).",,hit,hit,296.77,375.11,t,t,,,
04/01/2026,9:42 AM ET,SLV,algorithm,call,bullish,67.50,"April 2, 2026",568046.00,7.00,70,v4,moderate,f,68.25,Near $68.25 (no VWAP data),68.25,$69.61,,Below $66.88,,,$568K call flow at $67.5 strike with 100% ask aggression. Price at $68.25.,,near_miss,near_miss,48.53,68.91,t,t,,,
04/01/2026,9:42 AM ET,TSLA,whale,call,bullish,375.00,"April 2, 2026",2185260.00,7.00,70,v4,strong,f,377.08,Near $377.07 (no VWAP data),377.07,$384.62,,Below $369.53,,,$2.2M call flow at $375 strike with 100% ask aggression. Price at $377.07.,,hit,hit,80.37,383.14,t,f,,,
04/01/2026,9:45 AM ET,MU,algorithm,call,bullish,350.00,"April 2, 2026",450000.00,6.00,60,v4,moderate,f,351.63,At VWAP ($350.16) — Near $351.63,350.16351,$358.66,,Below $350.16 (VWAP break invalidates bullish thesis),,,$450K call flow at $350 strike with 100% ask aggression. Price at $351.63 above VWAP ($350.16). Negative gamma zone — moves will be amplified.,,hit,hit,138.69,361.38,t,t,,,
04/01/2026,9:49 AM ET,NVDA,whale,call,bullish,180.00,"April 2, 2026",2404610.00,6.00,60,v4,moderate,f,176.30,At VWAP ($175.96) — Near $176.30,175.96176,"$176.78 (previous swing high), then $176.85",,Below $175.96 (VWAP break invalidates bullish thesis),,,$2.4M call flow at $180 strike with 100% ask aggression. Price at $176.30 above VWAP ($175.96).,,hit,hit,170.83,177.12,t,t,,,
04/01/2026,9:49 AM ET,SPY,algorithm,call,bullish,654.00,"April 2, 2026",473500.00,5.00,50,v4,moderate,f,653.49,At VWAP ($654.44) — Near $653.49,654.44653,"$653.96 (previous swing high), then $654.01",,Below $654.44 (VWAP break invalidates bullish thesis),,,$474K call flow at $654 strike with 100% ask aggression. Price at $653.49 below VWAP ($654.44). Negative gamma zone — moves will be amplified.,,hit,hit,544.68,656.05,t,t,,,
04/01/2026,9:52 AM ET,MU,algorithm,put,bearish,350.00,"April 2, 2026",839110.00,6.00,60,v4,moderate,f,349.74,At VWAP ($350.23) — Near $349.74,350.23349,"$345.88 (previous swing low), then $343.00",,Above $350.23 (VWAP reclaim invalidates bearish thesis),,,$839K put flow at $350 strike with 100% ask aggression. Price at $349.74 below VWAP ($350.23). Negative gamma zone — moves will be amplified.,,hit,hit,174.61,343.00,t,t,,,
04/01/2026,9:56 AM ET,AMD,whale,put,bearish,200.00,"April 2, 2026",1483572.00,6.00,60,v4,moderate,f,209.10,At VWAP ($208.40) — Near $209.10,208.40209,"$206.17 (previous swing low), then $205.84",,Above $208.40 (VWAP reclaim invalidates bearish thesis),,,$1.5M put flow at $200 strike with 100% ask aggression. Price at $209.10 above VWAP ($208.40).,,hit,hit,111.26,205.84,t,t,,,
04/01/2026,9:59 AM ET,TSLA,algorithm,put,bearish,365.00,"April 2, 2026",763846.00,8.00,80,v4,moderate,t,375.41,At VWAP ($376.41) — Near $375.41,376.41375,"$374.87 (previous swing low), then $371.75",,Above $376.41 (VWAP reclaim invalidates bearish thesis),,,$764K put sweep at $365 strike with 100% ask aggression. Price at $375.41 below VWAP ($376.41).,,hit,hit,246.30,374.08,t,t,,,
04/01/2026,10:07 AM ET,MU,whale,call,bullish,360.00,"April 2, 2026",1136409.00,6.00,60,v4,moderate,f,360.69,Above VWAP ($351.95) — Near $360.69,351.9536,$367.90,,Below $351.95 (VWAP break invalidates bullish thesis),,,"$1.1M call flow at $360 strike with 100% ask aggression. Price at $360.69 above VWAP ($351.95). Negative gamma zone — moves will be amplified. Price action confirmed: Support Bounce + 2 Green Bars at $360 (higher low, higher high — confirmed).",,hit,hit,111.10,368.70,t,f,,,
04/01/2026,10:07 AM ET,QQQ,algorithm,call,bullish,582.00,"April 2, 2026",975000.00,5.00,50,v4,moderate,f,582.47,At VWAP ($582.26) — Near $582.47,582.26582,"$584.03 (previous swing high), then $584.30",,Below $582.26 (VWAP break invalidates bullish thesis),,,$975K call flow at $582 strike with 100% ask aggression. Price at $582.47 above VWAP ($582.26). Negative gamma zone — moves will be amplified. Price action confirmed: Support Tag + Green Bounce at $582.47 (higher low — likely reversal).,,hit,hit,121.15,584.36,t,f,,,
04/01/2026,10:11 AM ET,INTC,whale,put,bearish,47.50,"April 2, 2026",1289532.00,6.00,60,v4,moderate,f,47.58,Near $47.58 (no VWAP data),47.58,$47.50 (strike level),,Above $48.53,,,$1.3M put flow at $47.5 strike with 100% ask aggression. Price at $47.58.,,miss,missed,0.00,47.58,t,t,,,
04/01/2026,10:18 AM ET,GOOGL,spread,call,bullish,285.00,"April 17, 2026",809600.00,7.00,70,v4,moderate,f,295.70,Price holding above VWAP ($294.14) with confirmation near current price $295.70,294.14295,$301.61 (institutional target aligns well within the $295/$305 spread width),,Below $294.14 (VWAP break invalidates bullish thesis),,,"The institutional target of $301.61 provides a clear price ceiling that makes the $295/$305 vertical ideal — selling the $305 call finances the trade meaningfully without sacrificing the target zone. With GOOGL already in-the-money on the long strike and a well-defined upside target, the spread improves risk/reward versus paying full premium on the outright call.",,hit,hit,,295.80,t,f,,,
04/01/2026,10:20 AM ET,SNDK,whale,call,bullish,700.00,"April 2, 2026",5185215.00,7.00,70,v4,moderate,f,698.33,Above VWAP ($673.75) — Near $698.33,673.75698,$700.00 (strike level),,Below $673.75 (VWAP break invalidates bullish thesis),,,$5.2M call flow at $700 strike with 100% ask aggression. Price at $698.33 above VWAP ($673.75). Negative gamma zone — moves will be amplified.,,hit,hit,165.87,701.10,t,f,,,
04/01/2026,10:24 AM ET,MU,algorithm,call,bullish,400.00,"April 2, 2026",955000.00,6.00,60,v4,moderate,f,366.71,Above VWAP ($355.14) — Near $366.71,355.14366,$400.00 (strike level),,Below $355.14 (VWAP break invalidates bullish thesis),,,$955K call flow at $400 strike with 81% ask aggression. Price at $366.71 above VWAP ($355.14).,,near_miss,near_miss,33.58,377.89,t,t,,,
04/01/2026,10:39 AM ET,EWY,algorithm,call,bullish,130.00,"April 2, 2026",380000.00,7.00,70,v4,moderate,f,126.74,Above VWAP ($125.89) — Near $126.74,125.89126,$130.00 (strike level),,Below $125.89 (VWAP break invalidates bullish thesis),,,"$380K call flow at $130 strike with 100% ask aggression. Price at $126.74 above VWAP ($125.89). Price action confirmed: Support Bounce + 2 Green Bars at $125.94 (higher low, higher high — confirmed).",,miss,missed,58.59,128.65,t,t,,,
04/01/2026,10:39 AM ET,QQQ,algorithm,call,bullish,584.00,"April 2, 2026",416180.00,6.00,60,v4,moderate,f,584.29,At VWAP ($582.64) — Near $584.29,582.64584,"$584.30 (previous swing high), then $585.19",,Below $582.64 (VWAP break invalidates bullish thesis),,,"$416K call flow at $584 strike with 100% ask aggression. Price at $584.29 above VWAP ($582.64). Negative gamma zone — moves will be amplified. Price action confirmed: Support Bounce + 2 Green Bars at $582.47 (higher low, higher high — confirmed).",,hit,hit,12800.00,585.57,t,f,,,
04/01/2026,10:39 AM ET,TSM,algorithm,call,bullish,355.00,"April 2, 2026",755420.00,6.00,60,v4,moderate,f,345.71,At VWAP ($345.16) — Near $345.71,345.16345,$347.54 (previous swing high),,Below $345.16 (VWAP break invalidates bullish thesis),,,$755K call flow at $355 strike with 100% ask aggression. Price at $345.71 above VWAP ($345.16).,,hit,hit,114.21,347.80,t,f,,,
04/01/2026,10:43 AM ET,CDE,spread,call,bullish,22.50,"April 2, 2026",1497000.00,6.00,60,v4,moderate,f,19.57,Above VWAP ($19.28) — Near $19.57,19.2819,$22.50 (strike level),,Below $19.28 (VWAP break invalidates bullish thesis),,,$1.5M call flow at $22.5 strike with 100% ask aggression. Price at $19.57 above VWAP ($19.28).,,miss,missed,18.77,20.12,t,t,,,
04/01/2026,10:58 AM ET,GLD,whale,call,bullish,430.00,"April 2, 2026",1104000.00,9.00,90,v4,strong,t,437.33,At VWAP ($435.52) — Near $437.33,435.52437,$437.37 (previous swing high),,Below $435.52 (VWAP break invalidates bullish thesis),,,"$1.1M call flow at $430 strike with 100% ask aggression. Price at $437.33 above VWAP ($435.52). Negative gamma zone — moves will be amplified. Price action confirmed: Support Bounce + 2 Green Bars at $437.8 (higher low, higher high — confirmed).",,hit,hit,3025.00,438.54,t,f,,,
04/01/2026,11:02 AM ET,AMD,spread,call,bullish,220.00,"April 17, 2026",616882.00,7.00,70,v4,moderate,f,211.57,Above VWAP ($209.36) confirmed — near current price $211.57,209.36211,$220.00 (strike level and stated institutional target),,Below $209.36 (VWAP break invalidates bullish thesis),,,"The institutional target is explicitly the $220 strike, creating a natural ceiling that makes selling the $220 call against the long position ideal; the spread caps theoretical upside that won't be realized while meaningfully reducing cost basis and improving risk/reward on a trade where the stock still needs to gain ~4% to reach target.",,miss,missed,26.81,213.83,t,t,,,
04/01/2026,11:05 AM ET,XLE,algorithm,put,bearish,57.00,"April 2, 2026",520583.00,6.00,60,v4,moderate,f,59.04,Near $59.04 (no VWAP data),59.04,$57.00 (strike level),,Above $60.22,,,$521K put flow at $57 strike with 100% ask aggression. Price at $59.04.,,near_miss,near_miss,33.33,58.36,t,t,,,
04/01/2026,11:10 AM ET,GDX,algorithm,call,bullish,100.00,"April 2, 2026",485240.00,7.00,70,v4,moderate,f,96.12,Above VWAP ($94.70) — Near $96.12,94.7096,$100.00 (strike level),,Below $94.70 (VWAP break invalidates bullish thesis),,,$485K call flow at $100 strike with 100% ask aggression. Price at $96.12 above VWAP ($94.70).,,near_miss,near_miss,40.98,97.71,t,t,,,
04/01/2026,11:14 AM ET,IWM,whale,call,bullish,260.00,"April 2, 2026",2545990.00,7.00,70,v4,moderate,f,251.85,At VWAP ($250.79) — Near $251.85,250.79251,$260.00 (strike level),,Below $250.79 (VWAP break invalidates bullish thesis),,,$2.5M call flow at $260 strike with 97% ask aggression. Price at $251.85 above VWAP ($250.79).,,miss,missed,7.24,252.44,t,t,,,
04/01/2026,11:14 AM ET,IWM,spread,call,bullish,260.00,"April 17, 2026",2545990.00,7.00,70,v4,moderate,f,251.85,"At or near VWAP ($250.79) — current price $251.85, confirm hold above $250.79",250.79251,$260.00 (strike level matches institutional target — short call captures ceiling),,Below $250.79 (VWAP break invalidates bullish thesis),,,"The institutional target is exactly at the $260 strike, creating a natural ceiling that makes selling the $260 call against the long position ideal — the short call sacrifices no upside while dramatically reducing cost basis. IWM is an ETF with structurally elevated implied volatility in uncertain macro environments, and the defined $260 target means there is no reason to pay for optionality beyond that level.",,miss,missed,7.24,252.44,t,t,,,
04/01/2026,11:14 AM ET,SNDK,spread,call,bullish,700.00,"April 17, 2026",2545398.00,7.00,70,v4,moderate,f,698.11,Above VWAP ($681.67) — confirm sustained hold above $698.11 current price before entry,681.67698,$705.90 (second institutional target — short call at $710 preserves full capture of both targets),,Below $681.67 (VWAP break invalidates bullish thesis),,,"SNDK is a recently spun-off name with likely elevated implied volatility and a modest defined target range of only $701.80 to $705.90 above a $698.11 current price — the small expected move makes paying full premium for an outright call inefficient, and selling the $710 call above both targets converts excess premium into a meaningfully better cost-adjusted risk/reward without capping any realistic upside.",,hit,hit,139.79,709.00,t,f,,,
04/01/2026,11:21 AM ET,CVX,algorithm,call,bullish,197.50,"April 2, 2026",575077.00,7.00,70,v4,moderate,f,197.31,Near $197.31 (no VWAP data),197.31,$197.50 (strike level),,Below $193.36,,,$575K call sweep at $197.5 strike with 100% ask aggression. Price at $197.31.,,hit,hit,115.79,197.53,t,f,,,
04/01/2026,11:21 AM ET,AVGO,algorithm,put,bearish,315.00,"April 2, 2026",571170.00,6.00,60,v4,moderate,f,313.09,Near $313.08 (no VWAP data),313.08,$306.82,,Above $319.35,,,$571K put flow at $315 strike with 100% ask aggression. Price at $313.08.,,hit,hit,168.42,302.53,t,f,,,
04/01/2026,11:25 AM ET,GLD,algorithm,call,bullish,438.00,"April 2, 2026",573155.00,7.00,70,v4,moderate,f,437.96,Near $437.96 (no VWAP data),437.96,$438.00 (strike level),,Below $429.20,,,$573K call flow at $438 strike with 100% ask aggression. Price at $437.96.,,hit,hit,375.00,438.11,t,f,,,
04/01/2026,11:44 AM ET,MU,algorithm,call,bullish,375.00,"April 2, 2026",580635.00,7.00,70,v4,moderate,f,373.70,Above VWAP ($360.38) — Near $373.70,360.38373,$375.00 (strike level),,Below $360.38 (VWAP break invalidates bullish thesis),,,$581K call flow at $375 strike with 100% ask aggression. Price at $373.70 above VWAP ($360.38). Negative gamma zone — moves will be amplified.,,hit,hit,202.31,376.33,t,f,,,
04/01/2026,11:44 AM ET,SPY,algorithm,call,bullish,650.00,"April 2, 2026",524880.00,6.00,60,v4,moderate,f,657.19,At VWAP ($655.06) — Near $657.19,655.06657,$657.50 (previous swing high),,Below $655.06 (VWAP break invalidates bullish thesis),,,$525K call sweep at $650 strike with 93% ask aggression. Price at $657.19 above VWAP ($655.06). Negative gamma zone — moves will be amplified.,,hit,hit,135.48,657.61,t,f,,,
04/01/2026,11:49 AM ET,SLV,whale,call,bullish,69.00,"April 2, 2026",1295000.00,7.00,70,v4,moderate,f,68.57,Above VWAP ($67.99) — Near $68.57,67.9968,$68.99 (R1 resistance),,Below $67.99 (VWAP break invalidates bullish thesis),,,$1.3M call sweep at $69 strike with 100% ask aggression. Price at $68.57 above VWAP ($67.99). Negative gamma zone — moves will be amplified.,,miss,missed,80.95,68.91,t,t,,,
04/01/2026,11:49 AM ET,TSLA,algorithm,put,bearish,375.00,"April 2, 2026",503533.00,5.00,50,v4,moderate,f,381.95,Near $381.95 (no VWAP data),381.95,$375.00 (strike level),,Above $389.59,,,$504K put flow at $375 strike with 100% ask aggression. Price at $381.95.,,partial,partial_hit,70.94,377.02,t,f,,,
04/01/2026,11:49 AM ET,MRVL,algorithm,call,bullish,108.00,"April 2, 2026",647010.00,6.00,60,v4,moderate,f,105.69,Above VWAP ($104.97) — Near $105.69,104.97105,$107.84 (previous swing high),,Below $104.97 (VWAP break invalidates bullish thesis),,,$647K call flow at $108 strike with 100% ask aggression. Price at $105.69 above VWAP ($104.97).,,miss,missed,74.42,107.29,t,t,,,
04/01/2026,11:53 AM ET,SLV,spread,call,bullish,69.00,"April 17, 2026",1295000.00,8.00,80,v4,moderate,t,68.51,Above VWAP ($68.00) — confirmed hold near $68.51,68.0068,"$69.99 (near short strike, capturing near-full spread value)",,Below $68.00 (VWAP break invalidates bullish thesis),,,"The target is only $68.99 (R1), creating a well-defined price ceiling that caps the realistic upside — selling the $70 call finances the position meaningfully while the short strike sits safely above the target, improving risk/reward significantly over buying the outright call given the limited expected move.",,miss,missed,27.03,68.91,t,t,,,
04/01/2026,11:57 AM ET,GLD,algorithm,call,bullish,439.00,"April 2, 2026",461150.00,6.00,60,v4,moderate,f,439.45,Near $439.45 (no VWAP data),439.45,$448.24,,Below $430.66,,,$461K call flow at $439 strike with 100% ask aggression. Price at $439.45.,,miss,missed,14.79,440.75,t,t,,,
04/01/2026,12:01 PM ET,CVS,algorithm,call,bullish,77.50,"April 2, 2026",924756.00,6.00,60,v4,moderate,f,72.58,At VWAP ($72.32) — Near $72.58,72.3272,$72.59 (R1 resistance),,Below $72.32 (VWAP break invalidates bullish thesis),,,"$925K call flow at $77.5 strike with 53% ask aggression. Price at $72.58 above VWAP ($72.32). Price action confirmed: Support Bounce + 2 Green Bars at $72.59 (higher low, higher high — confirmed).",,hit,hit,300.00,72.61,t,f,,,
04/01/2026,12:05 PM ET,MU,algorithm,call,bullish,390.00,"April 2, 2026",829765.00,6.00,60,v4,moderate,f,375.65,Above VWAP ($361.72) — Near $375.65,361.72375,$390.00 (strike level),,Below $361.72 (VWAP break invalidates bullish thesis),,,$830K call flow at $390 strike with 100% ask aggression. Price at $375.65 above VWAP ($361.72).,,miss,missed,15.61,377.89,t,t,,,
04/01/2026,12:09 PM ET,META,algorithm,put,bearish,590.00,"April 2, 2026",477000.00,9.00,90,v4,,f,583.29,Near $583.29 (no VWAP data),583.29,$571.62,,Above $594.96,,,$477K put flow at $590 strike with 100% ask aggression. Price at $583.29.,,partial,partial_hit,59.21,576.38,t,f,,,
04/01/2026,12:09 PM ET,SPXW,algorithm,call,bullish,6530.00,"April 2, 2026",238200.00,10.00,100,v4,,f,6603.90,Broke above VWAP ($6583.16) — wait for retest at $6583.16 then enter on bounce,6583.166583,$6594.93 (previous swing high),,Below $6583.16 (VWAP break invalidates bullish thesis),,,$238K call flow at $6530 strike with 100% ask aggression. Price at $6603.90.,,hit,hit,,6609.67,t,t,wrong,,04/01/2026 8:40 PM ET
04/01/2026,12:09 PM ET,AMD,algorithm,call,bullish,215.00,"April 2, 2026",854942.00,9.00,90,v4,,f,213.29,Above VWAP ($210.15) — Near $213.29,210.15213,$215.00 (strike level),,Below $210.15 (VWAP break invalidates bullish thesis),,,$855K call flow at $215 strike with 100% ask aggression. Price at $213.29 above VWAP ($210.15). Negative gamma zone — moves will be amplified.,,miss,missed,31.58,213.83,t,t,,,
04/01/2026,12:09 PM ET,TSLA,algorithm,call,bullish,400.00,"April 2, 2026",840000.00,8.00,80,v4,,f,382.44,Above VWAP ($378.58) — Near $382.44,378.58382,$382.50 (previous swing high),,Below $378.58 (VWAP break invalidates bullish thesis),,,$840K call sweep at $400 strike with 100% ask aggression. Price at $382.44 above VWAP ($378.58).,,miss,missed,-16.67,382.43,t,t,,,
04/01/2026,12:09 PM ET,TSLA,algorithm,put,bearish,385.00,"April 2, 2026",687491.00,8.00,80,v4,,f,382.44,Above VWAP ($378.58) — needs break below $378.58 for entry,378.58378,"$380.44 (previous swing low), then $379.84",,Above $378.58 (VWAP reclaim invalidates bearish thesis),,,$687K put sweep at $385 strike with 100% ask aggression. Price at $382.44 above VWAP ($378.58). Negative gamma zone — moves will be amplified.,,hit,hit,109.00,380.26,f,t,,,
04/01/2026,12:09 PM ET,GOOGL,algorithm,call,bullish,300.00,"April 2, 2026",446040.00,9.00,90,v4,,f,297.26,Near $297.26 (no VWAP data),297.26,$300.00 (strike level),,Below $291.31,,,$446K call flow at $300 strike with 100% ask aggression. Price at $297.26.,,hit,hit,107.66,300.21,t,f,,,
04/01/2026,12:09 PM ET,SPXW,algorithm,put,bearish,6575.00,"April 2, 2026",214830.00,9.00,90,v4,,f,6597.32,Above VWAP ($6583.16) — needs break below $6583.16 for entry,6583.166583,"$6584.66 (previous swing low), then $6564.58",,Above $6583.16 (VWAP reclaim invalidates bearish thesis),,,$215K put flow at $6575 strike with 56% ask aggression. Price at $6597.32.,,hit,hit,283.97,6561.37,t,t,correct,6583 is the last swing low. Perfect Entry. Exit was 6564 before reversal. perfect play,04/01/2026 8:44 PM ET
04/01/2026,12:09 PM ET,SPY,algorithm,put,bearish,622.00,"April 2, 2026",560000.00,7.00,70,v4,,f,657.69,At VWAP ($655.26) — Near $657.69,655.26657,"$655.93 (previous swing low), then $653.58",,Above $655.26 (VWAP reclaim invalidates bearish thesis),,,$560K put flow at $622 strike with 100% ask aggression. Price at $657.69 above VWAP ($655.26).,,hit,hit,115.34,655.66,f,t,,,
04/01/2026,12:21 PM ET,AMD,spread,call,bullish,215.00,"April 17, 2026",854942.00,8.00,80,v4,moderate,t,213.49,Above VWAP ($210.29) with price holding near $213.49,210.29213,"$225.00 (short strike, ~5.4% above current price)",,Below $210.29 (VWAP break invalidates bullish thesis),,,"AMD is trading near its $215 strike with elevated semi-sector IV, making the outright call expensive relative to the defined move. A $215/$225 spread reduces cost basis meaningfully while capturing the full expected move, and the $225 level represents a natural overhead resistance zone that provides a logical ceiling for the short leg.",,miss,missed,2.95,213.83,t,t,,,
04/01/2026,12:21 PM ET,TSLA,spread,call,bullish,400.00,"April 17, 2026",840000.00,7.00,70,v4,moderate,f,381.96,Above VWAP ($378.69) with price holding near $381.96,378.69381,"$390.00 (short strike, ~2.1% above current price)",,Below $378.69 (VWAP break invalidates bullish thesis),,,"The institutional target is a tight $382.50–$383.14 range with a clear ceiling, making a spread far more capital-efficient than buying an outright $400 call that is deeply OTM relative to the stated target. Selling the $390 call funds the position and aligns the profit zone precisely with where price is realistically expected to move given the narrow target window.",,miss,missed,3.48,382.24,t,t,,,
04/01/2026,12:24 PM ET,QQQ,algorithm,call,bullish,587.00,"April 2, 2026",434000.00,7.00,70,v4,moderate,f,587.01,At VWAP ($584.14) — Near $587.01,584.14587,$598.75,,Below $584.14 (VWAP break invalidates bullish thesis),,,$434K call flow at $587 strike with 100% ask aggression. Price at $587.01 above VWAP ($584.14). Negative gamma zone — moves will be amplified.,,miss,missed,6.22,587.74,t,t,,,
04/01/2026,12:28 PM ET,QQQ,algorithm,call,bullish,615.00,"April 2, 2026",668500.00,6.00,60,v4,moderate,f,586.98,At VWAP ($584.15) — Near $586.98,584.15586,$615.00 (strike level),,Below $584.15 (VWAP break invalidates bullish thesis),,,$669K call flow at $615 strike with 100% ask aggression. Price at $586.98 above VWAP ($584.15).,,miss,missed,2.71,587.74,t,t,,,
04/01/2026,12:39 PM ET,GDX,algorithm,call,bullish,98.00,"April 2, 2026",415222.00,6.00,60,v4,moderate,f,96.69,Near $96.69 (no VWAP data),96.69,$98.00 (strike level),,Below $94.76,,,$415K call flow at $98 strike with 69% ask aggression. Price at $96.69.,,partial,partial_hit,61.83,97.50,t,f,,,
04/01/2026,12:46 PM ET,GOOG,algorithm,call,bullish,300.00,"April 2, 2026",819703.00,7.00,70,v4,strong,f,296.68,Above VWAP ($293.81) — Near $296.68,293.81296,$300.00 (strike level),,Below $293.81 (VWAP break invalidates bullish thesis),,,$820K call flow at $300 strike with 100% ask aggression. Price at $296.68 above VWAP ($293.81). Negative gamma zone — moves will be amplified.,,miss,missed,39.46,297.99,t,t,wrong,,04/02/2026 1:15 AM ET
04/01/2026,12:50 PM ET,NBIS,algorithm,call,bullish,110.00,"April 2, 2026",781065.00,6.00,60,v4,moderate,f,104.92,Near $104.92 (no VWAP data),104.92,$110.00 (strike level),,Below $102.82,,,$781K call flow at $110 strike with 100% ask aggression. Price at $104.92.,,miss,missed,1.77,105.01,t,t,wrong,,04/02/2026 1:14 AM ET
04/01/2026,12:53 PM ET,BE,algorithm,put,bearish,124.00,"April 2, 2026",642764.00,6.00,60,v4,moderate,f,136.83,Below VWAP ($137.84) — Near $136.83,137.84136,"$136.10 (previous swing low), then $133.41",,Above $137.84 (VWAP reclaim invalidates bearish thesis),,,$643K put flow at $124 strike with 100% ask aggression. Price at $136.83 below VWAP ($137.84).,,hit,hit,642.47,132.14,t,f,,,
04/01/2026,12:57 PM ET,GOOGL,whale,call,bullish,295.00,"April 2, 2026",1052915.00,6.00,60,v4,moderate,f,299.50,Near $299.50 (no VWAP data),299.5,$305.49,,Below $293.51,,,$1.1M call flow at $295 strike with 100% ask aggression. Price at $299.50.,,miss,missed,17.03,300.52,t,t,,,
04/01/2026,1:05 PM ET,GOOG,spread,call,bullish,300.00,"April 17, 2026",819703.00,7.00,70,v4,moderate,f,297.65,Above VWAP ($294.03) with price holding near $297.65,294.03297,$305.00,,Below $294.03 (VWAP break invalidates bullish thesis),,,"GOOG's stated target is exactly the $300 strike level, meaning upside is naturally capped at or near that zone — a bull call spread monetizes this defined ceiling efficiently. Selling the $305 call meaningfully reduces cost basis while the $300 target leaves little incentive to hold a naked call beyond that level.",,miss,missed,4.63,297.99,t,t,,,
04/01/2026,1:05 PM ET,GLD,spread,call,bullish,439.00,"April 17, 2026",514550.00,7.00,70,v4,moderate,f,440.06,Near current price $440.06 with price holding above $431.26 invalidation,440.06431,$448.86,,Below $431.26,,,"GLD carries elevated IV given its recent momentum and macro-driven gold rally, making outright calls expensive relative to the defined $448.86 target — the spread captures nearly the full expected move while the short $450 call offsets inflated premium cost. With no VWAP or intraday structure available, the spread reduces raw capital at risk in an uncertain entry environment.",,miss,missed,7.84,440.75,t,t,,,
04/01/2026,1:09 PM ET,BE,spread,put,bearish,124.00,"April 17, 2026",642764.00,7.00,70,v4,moderate,f,137.00,Below VWAP ($137.82) with price holding near $137.00,137.82137,$126.44 (S1) then $122 (prior day low),,Above $137.82 (VWAP reclaim invalidates bearish thesis),,,"Current price is $137 but the put strike is $124 — significantly out of the money — suggesting elevated premium risk on an outright put; selling the $125 put against it offsets decay cost while still capturing the full move to S1 at $126.44 and the prior day low at $122, where the thesis naturally exhausts. The defined floor at PDL $122 makes the spread structure more capital-efficient than carrying naked put premium across a wide gap.",,hit,hit,133.52,122.90,t,f,,,
04/01/2026,1:09 PM ET,SPY,algorithm,call,bullish,670.00,"April 2, 2026",746502.00,5.00,50,v4,moderate,f,658.42,At VWAP ($655.65) — Near $658.42,655.65658,$670.00 (strike level),,Below $655.65 (VWAP break invalidates bullish thesis),,,$747K call flow at $670 strike with 100% ask aggression. Price at $658.42 above VWAP ($655.65). Negative gamma zone — moves will be amplified.,,miss,missed,0.86,658.52,t,t,,,
04/01/2026,1:25 PM ET,MRVL,algorithm,put,bearish,106.00,"April 2, 2026",327419.00,6.00,60,v4,moderate,f,106.77,Near $106.77 (no VWAP data),106.77,$106.00 (strike level),,Above $108.91,,,$327K put flow at $106 strike with 100% ask aggression. Price at $106.77.,,hit,hit,268.83,104.70,t,f,,,
04/01/2026,1:28 PM ET,LITE,algorithm,call,bullish,750.00,"April 2, 2026",432000.00,6.00,60,v4,moderate,f,782.68,Near $782.68 (no VWAP data),782.68,$798.33,,Below $767.03,,,$432K call sweep at $750 strike with 100% ask aggression. Price at $782.68.,,miss,missed,14.12,784.89,t,t,wrong,,04/02/2026 1:13 AM ET
04/01/2026,1:28 PM ET,NOVT,spread,call,bullish,120.00,"April 2, 2026",316500.00,6.00,60,v4,moderate,f,119.88,Near $119.88 (no VWAP data),119.88,$120.00 (strike level),,Below $117.48,,,$317K call flow at $120 strike with 100% ask aggression. Price at $119.88.,,miss,missed,-25.00,119.85,f,t,,,
04/01/2026,1:40 PM ET,HOOD,algorithm,put,bearish,66.00,"April 2, 2026",284074.00,6.00,60,v4,moderate,f,70.42,Near $70.42 (no VWAP data),70.42,$66.00 (strike level),,Above $71.83,,,$284K put sweep at $66 strike with 100% ask aggression. Price at $70.42.,,hit,hit,97.51,66.11,t,f,,,
04/01/2026,1:40 PM ET,NVDA,algorithm,put,bearish,177.50,"April 8, 2026",622992.00,5.00,50,v4,moderate,f,176.76,At VWAP ($176.35) — Near $176.76,176.35176,"$176.61 (previous swing low), then $176.40",,Above $176.35 (VWAP reclaim invalidates bearish thesis),,,$623K put flow at $177.5 strike with 100% ask aggression. Price at $176.76 above VWAP ($176.35). Negative gamma zone — moves will be amplified.,,hit,hit,1300.00,174.81,t,t,wrong,"Price was at 176.35. Entry is Correct, but Target is 176.67-176.40 which 176.67 is higHer than the entry for a put. Exit should have been at the previous POC which is 175.77",04/01/2026 8:36 PM ET
04/01/2026,1:48 PM ET,META,algorithm,call,bullish,595.00,"April 2, 2026",548310.00,6.00,60,v4,moderate,f,587.57,Above VWAP ($582.77) — Near $587.57,582.77587,"$588.12 (previous swing high), then $592.55",,Below $582.77 (VWAP break invalidates bullish thesis),,,$548K call sweep at $595 strike with 100% ask aggression. Price at $587.57 above VWAP ($582.77). Negative gamma zone — moves will be amplified.,,miss,missed,-220.00,586.36,t,t,wrong,,04/02/2026 1:12 AM ET
04/01/2026,1:52 PM ET,USO,algorithm,put,bearish,128.00,"April 2, 2026",247915.00,6.00,60,v4,moderate,f,123.71,Near $123.71 (no VWAP data),123.71,$121.24,,Above $126.18,,,$248K put sweep at $128 strike with 100% ask aggression. Price at $123.71.,,miss,missed,28.74,123.00,t,t,,,
04/01/2026,1:59 PM ET,SPY,algorithm,put,bearish,650.00,"April 2, 2026",520676.00,6.00,60,v4,moderate,f,656.82,At VWAP ($655.86) — Near $656.82,655.86656,"$655.93 (previous swing low), then $653.58",,Above $655.86 (VWAP reclaim invalidates bearish thesis),,,$521K put flow at $650 strike with 100% ask aggression. Price at $656.82 above VWAP ($655.86). Negative gamma zone — moves will be amplified.,,hit,hit,353.93,653.67,t,t,,,
04/01/2026,2:02 PM ET,YPF,algorithm,call,bullish,50.00,"April 2, 2026",665000.00,6.00,60,v4,moderate,f,43.96,Near $43.96 (no VWAP data),43.96,$50.00 (strike level),,Below $43.08,,,$665K call flow at $50 strike with 100% ask aggression. Price at $43.96.,,partial,partial_hit,50.17,46.99,t,f,,,
04/01/2026,2:15 PM ET,ORCL,algorithm,put,bearish,140.00,"April 2, 2026",697345.00,6.00,60,v4,moderate,f,145.44,Near $145.44 (no VWAP data),145.44,$140.00 (strike level),,Above $148.35,,,$697K put flow at $140 strike with 97% ask aggression. Price at $145.44.,,partial,partial_hit,70.59,141.60,t,f,,,
04/01/2026,2:21 PM ET,SPY,algorithm,call,bullish,656.00,"April 2, 2026",450500.00,5.00,50,v4,moderate,f,656.03,Near $656.03 (no VWAP data),656.03,$669.15,,Below $642.91,,,$451K call flow at $656 strike with 100% ask aggression. Price at $656.03.,,miss,missed,16.54,658.20,t,f,,,
04/01/2026,2:25 PM ET,LNG,algorithm,call,bullish,275.00,"April 2, 2026",489499.00,6.00,60,v4,moderate,f,273.26,Near $273.26 (no VWAP data),273.26,"$275.62 (previous swing high), then $275.89",$275.89,Below $272.56 (previous swing low),neutral,,$489K call flow at $275 strike with 100% ask aggression. Price at $273.26.,,hit,hit,118.64,276.06,t,f,correct,,04/02/2026 12:22 AM ET
04/01/2026,2:31 PM ET,AMD,algorithm,put,bearish,207.50,"April 2, 2026",639348.00,5.00,50,v4,moderate,f,209.32,Near $209.32 (no VWAP data),209.32,$205.13 (2% below entry),$200.95,Above $210.10 (previous swing high),neutral,,$639K put flow at $207.5 strike with 100% ask aggression. Price at $209.32.,,miss,missed,-1.91,209.40,f,t,wrong,,04/02/2026 12:23 AM ET
04/01/2026,2:42 PM ET,GLD,whale,put,bearish,436.00,"April 2, 2026",1843525.00,7.00,70,v4,strong,f,436.20,Near $436.20 (no VWAP data),436.2,$436.00 (strike level),,Above $444.92,,,$1.8M put flow at $436 strike with 100% ask aggression. Price at $436.20.,,hit,hit,7700.00,420.80,t,f,,,
04/01/2026,2:47 PM ET,TSM,algorithm,call,bullish,340.00,"April 2, 2026",495346.00,6.00,60,v4,moderate,f,340.54,Near $340.54 (no VWAP data),340.54,$347.35,,Below $333.73,,,$495K call flow at $340 strike with 100% ask aggression. Price at $340.54.,,near_miss,near_miss,34.80,342.91,t,t,correct,,04/02/2026 12:24 AM ET
04/01/2026,3:01 PM ET,GLW,algorithm,put,bearish,125.00,"April 2, 2026",649740.00,6.00,60,v4,moderate,f,141.03,Near $141.03 (no VWAP data),141.03,$138.21 (2% below entry),$135.39,Above $141.90 (previous swing high),neutral,,$650K put flow at $125 strike with 100% ask aggression. Price at $141.03.,,miss,missed,-17.73,141.53,f,t,wrong,,04/02/2026 12:25 AM ET
04/01/2026,3:06 PM ET,TSLA,whale,call,bullish,380.00,"April 2, 2026",1999990.00,6.00,60,v4,moderate,f,380.17,Near $380.17 (no VWAP data),380.17,$387.77 (2% above entry),$395.38,Below $372.57,neutral,,$2.0M call flow at $380 strike with 100% ask aggression. Price at $380.17.,,miss,missed,17.89,381.53,t,t,,,
04/01/2026,3:10 PM ET,GLD,algorithm,call,bullish,436.00,"April 2, 2026",843575.00,7.00,70,v4,moderate,f,436.97,At VWAP ($437.08) — Near $436.97,437.08436,"$437.70 (previous swing high), then $439.99",,Below $437.08 (VWAP break invalidates bullish thesis),,,"$844K call flow at $436 strike with 98% ask aggression. Price at $436.97 below VWAP ($437.08). Negative gamma zone — moves will be amplified. Price action confirmed: Support Bounce + 2 Green Bars at $436 (higher low, higher high — confirmed).",,hit,hit,517.81,440.75,t,t,correct,,04/02/2026 12:04 AM ET
04/01/2026,3:10 PM ET,IWM,algorithm,put,bearish,249.00,"April 2, 2026",646931.00,6.00,60,v4,moderate,f,249.65,At VWAP ($250.88) — Near $249.65,250.88249,$249.11 (previous swing low),,Above $250.88 (VWAP reclaim invalidates bearish thesis),,,$647K put flow at $249 strike with 100% ask aggression. Price at $249.65 below VWAP ($250.88). Negative gamma zone — moves will be amplified.,,partial,partial_hit,61.11,249.32,t,f,correct,,04/02/2026 12:03 AM ET
04/01/2026,3:34 PM ET,GOOGL,algorithm,put,bearish,305.00,"April 2, 2026",657420.00,5.00,50,v4,moderate,f,297.85,Near $297.85 (no VWAP data),297.85,$291.89,,Above $303.80,,,$657K put flow at $305 strike with 100% ask aggression. Price at $297.85.,,hit,hit,164.26,288.06,t,f,correct,,04/01/2026 11:56 PM ET
04/01/2026,5:04 PM ET,TSLA,algorithm,call,bullish,435.00,"April 2, 2026",693000.00,7.00,70,v4,strong,f,381.01,At VWAP ($379.36) — Near $381.01,379.36381,"$381.26 (previous swing high), then $381.53",,Below $379.36 (VWAP break invalidates bullish thesis),,,$693K call sweep at $435 strike with 100% ask aggression. Price at $381.01 above VWAP ($379.36). Price action confirmed: Support Tag + Green Bounce at $381.02 (higher low — likely reversal).,,miss,missed,-44.00,380.90,t,t,correct,,04/01/2026 11:54 PM ET
04/01/2026,6:12 PM ET,SPY,algorithm,put,bearish,650.00,"April 6, 2026",695157.00,6.00,60,v4,moderate,f,654.88,At VWAP ($655.64) — Near $654.88,655.64654,"$654.72 (previous swing low), then $654.13",,Above $655.64 (VWAP reclaim invalidates bearish thesis),,,"$695K put flow at $650 strike with 100% ask aggression. Price at $654.88 below VWAP ($655.64). Negative gamma zone — moves will be amplified. Price action confirmed: SR Tag + 2 Red Bars at $655.26 (lower high, lower low — confirmed).",,hit,hit,5256.25,646.47,t,f,,,
04/01/2026,7:11 PM ET,GLD,spread,call,bullish,438.00,"April 17, 2026",1810005.00,9.00,90,v4,moderate,t,439.80,Above VWAP ($437.21) — confirmed entry near $439.80,437.21439,$448.60 — short strike aligned with stated institutional target,,Below $437.21 (VWAP break invalidates bullish thesis),,,"The institutional target of $448.60 provides a clear, well-defined price ceiling that makes the short $448 call a natural cap on the trade, and with GLD deep into a prolonged rally, IV on gold options is elevated enough that selling the upper strike meaningfully reduces cost basis without sacrificing the full intended move.",,miss,missed,-22.50,437.82,t,t,,,
04/01/2026,10:17 PM ET,TSLA,spread,call,bullish,435.00,"April 17, 2026",693000.00,7.00,70,v2,moderate,f,380.90,Confirmed hold above $380.90 with momentum continuation,380.9,$415 to $420 range as stock approaches sold strike,,Below Pivot at $368.69,,,"TSLA is trading at $380.90 with the institutional strike at $435 — a 14% OTM target that makes outright calls expensive given TSLA's elevated IV. Capping the upside at $420 meaningfully reduces cost basis while still capturing the bulk of a realistic near-term move, improving risk/reward substantially over the pricey naked call.",,miss,missed,-51.09,363.48,f,t,,,
04/02/2026,9:42 AM ET,QQQ,spread,put,bearish,545.00,"April 17, 2026",2223904.00,9.00,90,v2,moderate,t,572.34,Confirm price holds below $573.78 invalidation level and VWAP $573.92; enter on rejection near $572.34 sweep level,573.78573,$570.00 (GEX put wall — likely support),,Above $573.78 (previous swing high),,,"The $2.2M sweep on a deeply OTM $545 strike with a target of only $560.89 suggests the whale is positioning for a defined move, not a crash; selling the $530 put below the target zone offsets elevated IV on a 12-month expiry being traded on a swing signal, dramatically reducing premium bleed if the move stalls near target.",,miss,missed,17.95,571.92,t,t,,,
04/02/2026,9:42 AM ET,SPY,spread,put,bearish,650.00,"April 17, 2026",4936698.00,8.00,80,v2,moderate,t,645.44,Whale sweep confirmed at $645.44 with price below VWAP $646.23; enter on any failed retest of $645.82,645.44646,$645.00 (GEX put wall — likely support),,Above $645.82 (previous swing high),,,"SPY is already trading slightly below the $650 strike ITM, and with a $4.9M whale sweep the IV premium on outright puts is inflated; the $635 short leg aligns almost exactly with the $632.53 target, capping cost while capturing nearly the full expected move and improving risk/reward meaningfully over buying the put outright.",,hit,hit,75.00,645.11,t,t,,,
04/02/2026,9:54 AM ET,SPXW,whale,call,bullish,6690.00,"April 7, 2026",2603910.00,6.00,60,v2,moderate,f,6493.41,Broke above VWAP ($6489.89) — wait for retest at $6489.89 then enter on bounce,6489.896489,$6623.28,$6753.15,Below $6489.89 (VWAP break invalidates bullish thesis),,,$2.6M call flow at $6690 strike with 0% ask aggression. Price at $6493.41.,,miss,missed,14.78,6512.61,t,t,,,
04/02/2026,9:54 AM ET,QQQ,spread,put,bearish,575.00,"April 17, 2026",1490400.00,7.00,70,v2,moderate,f,572.54,Confirmed rejection below VWAP $573.90 with price below $572.54,573.90572,$570.00 (GEX put wall — likely support),,Above $573.78 (previous swing high),,,"The institutional target of $561.09 creates a natural floor that makes selling the $560 put against the long $575 put highly efficient — the spread captures nearly the full expected move while meaningfully reducing premium outlay versus an outright put. With QQQ trading at $572.54 and the $575 put slightly ITM, elevated broad-market IV makes the credit from the short leg particularly valuable here.",,miss,missed,24.41,571.92,t,t,,,
04/02/2026,10:07 AM ET,CLX,spread,put,bearish,100.00,"April 17, 2026",1398000.00,8.00,80,v2,moderate,t,102.57,Confirm rejection at or below $102.57 with no reclaim of $103.34,102.57103,$100.52 — aligns with sold strike near institutional target,,Above $103.34 (previous swing high),,,"The institutional target of $100.52 provides a natural floor, making the $100 short put strike ideal for capping downside collection and reducing premium cost. With a defined move from ~$102.57 to ~$100.52, a bear put spread captures the full expected range while significantly reducing capital at risk versus an outright put.",,partial,partial_hit,55.61,101.43,t,f,,,
04/02/2026,10:07 AM ET,QQQ,spread,call,bullish,574.00,"April 17, 2026",644910.00,7.00,70,v2,moderate,f,577.55,Entry near VWAP reclaim at $574.67 or confirmation hold above $577.55,574.67577,$580.00 (GEX call wall — likely resistance),,Below $574.30 (previous swing low),,,"The prior day high at $587.74 acts as a clear resistance ceiling and natural profit target, making the $588 short call an efficient cap that improves the risk/reward profile versus buying the outright call. Selling premium against R1 near $587.90 reduces cost basis meaningfully on what is a defined, range-bound swing move.",,hit,hit,181.63,582.00,t,f,,,
04/02/2026,10:15 AM ET,AMZN,algorithm,call,bullish,210.00,"April 8, 2026",627183.00,7.00,70,v2,moderate,f,207.87,Above VWAP ($206.71) — Near $207.87,206.71207,$210.00 (GEX call wall — likely resistance),PDH at $213.58,Below $205.20 (previous swing low),,,"$627K call flow at $210 strike with 100% ask aggression. Price at $207.87 above VWAP ($206.71). Negative gamma zone — moves will be amplified. Price action confirmed: Support Bounce + 2 Green Bars at $208.19 (higher low, higher high — confirmed).",,partial,partial_hit,51.64,208.97,t,f,,,
04/02/2026,10:15 AM ET,TSLA,algorithm,put,bearish,370.00,"April 8, 2026",533566.00,6.00,60,v2,moderate,f,364.18,Near $364.18 (no VWAP data),364.18,$360.00 (GEX put wall — likely support),$349.61,Above $371.46,,,$534K put flow at $370 strike with 82% ask aggression. Price at $364.18.,,partial,partial_hit,54.07,361.92,t,f,,,
04/02/2026,10:23 AM ET,GOOGL,algorithm,call,bullish,295.00,"April 8, 2026",491530.00,6.00,60,v2,moderate,f,294.86,Near $294.86 (no VWAP data),294.86,$300.00 (GEX call wall — likely resistance),$306.65,Below $288.96,,,$492K call flow at $295 strike with 100% ask aggression. Price at $294.86.,,partial,partial_hit,62.65,298.08,t,f,,,
04/02/2026,10:47 AM ET,SPY,spread,call,bullish,654.00,"April 17, 2026",494500.00,7.00,70,v2,moderate,f,655.52,Above VWAP ($650.35) with price holding near $655.52,650.35655,$658.18 (R1) to $660 short strike — full spread profit zone,,Below $646.43 (previous swing low),,,The target of $668.63 is well-defined but the R1 resistance at $658.18 creates a natural ceiling in the near term; selling the $660 call against the long $655 significantly reduces cost basis and improves risk/reward given the confined move range between current price and the first resistance cluster.,,active,pending,33.08,656.40,t,f,,,
04/02/2026,10:47 AM ET,QQQ,spread,call,bullish,577.00,"April 17, 2026",521541.00,7.00,70,v2,moderate,f,584.02,Price holding above VWAP ($577.53) near $584.02 with bullish momentum,577.53584,$587.74 (PDH) to $590 short strike — full spread profit zone,,Below $574.30 (previous swing low),,,"QQQ is already trading above the $577 strike with a defined PDH target at $587.74 just below the $590 short strike, making the vertical spread structurally ideal; selling the $590 call captures the likely ceiling while meaningfully reducing the outright call premium on a trade where the upside is already partially in the money.",,active,pending,34.14,585.29,t,f,,,
04/02/2026,10:51 AM ET,SMH,spread,call,bullish,395.00,"April 17, 2026",5821249.00,8.00,80,v2,moderate,t,390.80,Confirm hold above $390.80 whale sweep level with momentum continuation,390.8,PDH at $396.63 / Sell leg at $397,,Below $385.44 (previous swing low),,,"The target is clearly capped at PDH $396.63 and R1 $396.94, making a vertical spread ideal since upside beyond $397 is structurally limited by prior resistance. Selling the $397 call offsets premium cost meaningfully while capturing the full expected move, improving cost efficiency on a trade where the ceiling is well-defined.",,active,pending,32.25,392.68,t,f,,,
04/02/2026,11:00 AM ET,NVDA,algorithm,call,bullish,177.50,"April 6, 2026",776136.00,6.00,60,v2,moderate,f,176.16,Near $176.16 (no VWAP data),176.16,$179.68,$183.21,Below $172.64,,,$776K call flow at $177.5 strike with 100% ask aggression. Price at $176.16.,,active,pending,37.78,177.49,t,f,,,
04/02/2026,11:51 AM ET,NVDA,spread,put,bearish,172.50,"April 17, 2026",1246592.00,8.00,80,v2,moderate,t,176.29,Rejection confirmed below $176.29 with price failing to reclaim VWAP at $174.36,176.29174,$165 or below by expiry — aligns with measured move below $171.10 swing low,,Above $176.70 (previous swing high),,,"The institutional sweep carried a $1.24M premium footprint suggesting elevated IV on outright puts; selling the $165 strike below the $171.10 secondary target meaningfully offsets premium decay while capping a realistic downside range — the move is directional but bounded, making the vertical spread more capital-efficient than owning the put outright.",,miss,missed,-2.31,176.41,f,t,,,
04/02/2026,11:51 AM ET,AMD,spread,put,bearish,210.00,"April 17, 2026",970921.00,7.00,70,v2,moderate,f,214.36,"Price rejects from VWAP area ($209.27) and fails to hold above $210, confirming bearish flow",209.2721,$210.00 (GEX put wall — likely support),,Above $214.90 (previous swing high),,,"AMD is trading well above VWAP ($209.27) with the entry trigger requiring a rejection back toward it, meaning premium will be elevated at entry; the $203.50–$203.75 target cluster gives a natural floor making the $200 short strike a logical cap on the move, reducing cost basis significantly versus the nearly $1M outright put premium and improving risk-adjusted return on a swing that has a clearly defined range.",,miss,missed,45.87,212.36,f,t,,,
04/02/2026,12:05 PM ET,QQQ,spread,put,bearish,583.00,"April 17, 2026",866000.00,8.00,80,v2,moderate,t,582.63,On rejection from VWAP near $582.63 with bearish price action confirmation,582.63,$580.00 (GEX put wall — likely support),,Above $584.70 (previous swing high),,,"The target of $572.63 creates a natural floor for the short put leg at $573, making the vertical spread ideal rather than paying full premium on an outright put. With a well-defined target ceiling and invalidation level only ~$2 above current price, capping the trade with a short strike at the target captures nearly all the expected move while meaningfully reducing cost basis and improving risk/reward.",,partial,partial_hit,63.12,580.97,t,f,,,
04/02/2026,12:09 PM ET,NVDA,spread,put,bearish,170.00,"April 17, 2026",1558940.00,8.00,80,v2,moderate,t,176.05,Rejection confirmed at or below $176.05 with price failing to reclaim $176.70,176.05176,$175.00 (GEX put wall — likely support),,Above $176.70 (previous swing high),,,"The $170 strike is the stated second target and a natural floor, making the $176/$170 bear put spread ideal — the sold $170 put offsets elevated IV cost while still capturing the full expected move. With the stock only $6 away from the target, the spread locks in the majority of potential gain while meaningfully reducing premium risk vs the deep ITM outright put.",,miss,missed,31.43,175.72,t,t,,,
04/02/2026,12:14 PM ET,GLD,spread,put,bearish,429.00,"April 17, 2026",955530.00,7.00,70,v2,moderate,f,427.35,At VWAP ($427.04) — Near $427.35,427.04427,"$422.05 (previous swing low), then $420.81",,Above $429.56 (previous swing high),,,"GLD has a well-defined target cluster at $422.05–$420.81, aligning closely with the $421 short strike and capping the spread precisely at the expected move exhaustion zone. Gold options carry elevated IV given recent volatility, making premium reduction through the short put leg a clear advantage over buying the outright put.",,miss,missed,18.11,426.39,t,t,,,
04/02/2026,1:19 PM ET,TSEM,spread,call,bullish,195.00,"April 17, 2026",689055.00,7.00,70,v2,moderate,f,196.29,Hold above $196.29 with confirmation above prior day high $187.98 already achieved,196.29187,$200.22 (institutional target sits just above short strike),,Below $194.17 (previous swing low),,,"The institutional target of $200.22 maps almost exactly to the $200 short strike, making a vertical spread structurally ideal for capturing the full expected move while significantly reducing premium outlay. TSEM has already gapped well above VWAP and PDH, suggesting elevated short-term IV that benefits from selling the upper strike.",,miss,missed,-1.27,196.24,f,t,,,
04/02/2026,1:42 PM ET,GLD,spread,put,bearish,423.00,"April 17, 2026",791240.00,7.00,70,v2,moderate,f,427.77,Rejection confirmation below $427.77 VWAP sweep level with price failing to reclaim $428.80,427.77428,$420.80 (previous swing low) — short put strikes near full profit zone,,Above $428.80 (previous swing high),,,"The target of $420.80 is well-defined and close to current price, making a $427/$420 spread ideal to cap cost while collecting full premium decay into the known floor. With GLD IV elevated given gold's recent volatile run to all-time highs, selling the $420 put meaningfully reduces cost basis while the defined $420.80 target aligns perfectly with the short strike, preserving nearly all upside on the spread.",,miss,missed,14.49,426.76,t,t,,,
04/02/2026,1:55 PM ET,SPXW,algorithm,put,bearish,6565.00,"April 2, 2026",114460.00,9.50,95,v2,,t,6565.04,Above VWAP ($6553.27) — needs break below $6553.27 for entry,6553.276553,"$6564.44 (previous swing low), then $6558.64",,Above $6553.27 (VWAP reclaim invalidates bearish thesis),positive,"Near call wall at $6,575 — dealers sell here, strong resistance",$114K put flow at $6565 strike with 99% ask aggression. Price at $6565.04. Negative gamma zone — moves will be amplified.,,hit,hit,15016.67,6474.94,t,t,,,
04/02/2026,1:56 PM ET,SPXW,algorithm,put,bearish,6575.00,"May 5, 2026",231700.00,9.00,90,v2,,t,6555.36,Above VWAP ($6553.27) — needs break below $6553.27 for entry,6553.276553,"$6555.14 (previous swing low), then $6546.31",,Above $6553.27 (VWAP reclaim invalidates bearish thesis),positive,"Near call wall at $6,575 — dealers sell here, strong resistance",$232K put flow at $6575 strike with 100% ask aggression. Price at $6555.36. Negative gamma zone — moves will be amplified.,,hit,hit,36554.55,6474.94,t,t,,,
04/02/2026,1:56 PM ET,SPXW,algorithm,put,bearish,6550.00,"April 2, 2026",179490.00,8.00,80,v2,,t,6554.83,Above VWAP ($6553.27) — needs break below $6553.27 for entry,6553.276553,"$6546.31 (previous swing low), then $6474.94",,Above $6553.27 (VWAP reclaim invalidates bearish thesis),positive,"Near call wall at $6,575 — dealers sell here, strong resistance",$179K put flow at $6550 strike with 62% ask aggression. Price at $6554.83. Negative gamma zone — moves will be amplified.,,hit,hit,937.68,6474.94,t,t,,,
04/02/2026,1:56 PM ET,SPXW,algorithm,call,bullish,6570.00,"April 2, 2026",120400.00,8.00,80,v2,,t,6572.55,Broke above VWAP ($6553.27) — wait for retest at $6553.27 then enter on bounce,6553.276553,"$6573.84 (previous swing high), then $6582.4",,Below $6553.27 (VWAP break invalidates bullish thesis),positive,"Near call wall at $6,575 — dealers sell here, strong resistance",$120K call flow at $6570 strike with 74% ask aggression. Price at $6572.55. Negative gamma zone — moves will be amplified.,,hit,hit,2275.97,6601.91,t,t,,,
04/02/2026,1:56 PM ET,SPXW,algorithm,put,bearish,6560.00,"May 1, 2026",103040.00,7.50,75,v2,,f,6567.10,Above VWAP ($6553.27) — needs break below $6553.27 for entry,6553.276553,"$6564.44 (previous swing low), then $6558.64",,Above $6553.27 (VWAP reclaim invalidates bearish thesis),positive,"Near call wall at $6,575 — dealers sell here, strong resistance",$103K put flow at $6560 strike with 43% ask aggression. Price at $6567.10. Negative gamma zone — moves will be amplified.,,hit,hit,3464.66,6474.94,t,t,,,
04/02/2026,1:56 PM ET,SPXW,algorithm,put,bearish,6600.00,"April 2, 2026",135000.00,7.00,70,v2,,f,6556.39,Above VWAP ($6553.27) — needs break below $6553.27 for entry,6553.276553,"$6555.52 (previous swing low), then $6555.14",,Above $6553.27 (VWAP reclaim invalidates bearish thesis),positive,"Near call wall at $6,575 — dealers sell here, strong resistance",$135K put flow at $6600 strike with 67% ask aggression. Price at $6556.39. Negative gamma zone — moves will be amplified.,,hit,hit,9362.07,6474.94,t,t,,,
04/02/2026,1:56 PM ET,SPXW,algorithm,call,bullish,6600.00,"April 6, 2026",106950.00,7.00,70,v2,,f,6572.49,Broke above VWAP ($6553.27) — wait for retest at $6553.27 then enter on bounce,6553.276553,"$6573.84 (previous swing high), then $6582.4",,Below $6553.27 (VWAP break invalidates bullish thesis),positive,"Near call wall at $6,575 — dealers sell here, strong resistance",$107K call flow at $6600 strike with 0% ask aggression. Price at $6572.49. Negative gamma zone — moves will be amplified.,,hit,hit,2179.26,6601.91,t,t,,,
04/02/2026,1:56 PM ET,AAOI,algorithm,put,bearish,105.00,"April 2, 2026",646670.00,7.00,70,v2,strong,f,104.70,On rejection from VWAP ($97.59) — Near $104.70,97.59104,"$100.65 (previous swing low), then $99.33",$99.33,Above $105.57 (previous swing high),,,$647K put flow at $105 strike with 88% ask aggression. Price at $104.70 above VWAP ($97.59). Negative gamma zone — moves will be amplified.,,partial,partial_hit,53.58,102.53,f,f,,,
04/02/2026,1:56 PM ET,GLD,algorithm,put,bearish,423.00,"April 2, 2026",791240.00,6.00,60,v2,moderate,f,427.03,Whale sweep at $427.03,427.03,$418.49,$409.95,Above $428.80 (previous swing high),,,$791K put sweep at $423 strike with 100% ask aggression. Price at $427.03 below VWAP ($427.19). Negative gamma zone — moves will be amplified.,,miss,missed,1.05,426.94,t,t,,,
04/02/2026,1:56 PM ET,QQQ,algorithm,put,bearish,570.00,"April 2, 2026",328120.00,6.00,60,v2,moderate,f,581.80,At VWAP ($579.79) — Near $581.80,579.79581,$580.00 (GEX put wall — likely support),$566.20,Above $583.85 (previous swing high),,,$328K put sweep at $570 strike with 78% ask aggression. Price at $581.80 above VWAP ($579.79).,,miss,missed,-1.11,581.82,f,t,,,
04/02/2026,2:00 PM ET,INTC,algorithm,put,bearish,47.00,"April 2, 2026",433350.00,6.00,60,v2,moderate,f,49.66,On rejection from VWAP ($49.06) — Near $49.66,49.0649,"$49.35 (previous swing low), then $49.12",$49.12,Above $50.05 (previous swing high),,,$433K put flow at $47 strike with 100% ask aggression. Price at $49.66 above VWAP ($49.06).,,miss,missed,0.00,49.66,f,t,,,
04/02/2026,2:01 PM ET,SPXW,algorithm,call,bullish,6560.00,"April 2, 2026",113050.00,10.00,100,v2,,t,6556.54,VWAP retest from above at $6553.41 — bounce is your entry,6553.41,"$6572.21 (previous swing high), then $6573.84",,Below $6553.41 (VWAP break invalidates bullish thesis),positive,"Near call wall at $6,575 — dealers sell here, strong resistance",$113K call flow at $6560 strike with 99% ask aggression. Price at $6556.54. Negative gamma zone — moves will be amplified.,,hit,hit,289.53,6601.91,t,t,,,
04/02/2026,2:07 PM ET,SPXW,algorithm,put,bearish,6500.00,"April 6, 2026",269120.00,8.00,80,v2,,t,6565.26,Above VWAP ($6553.66) — needs break below $6553.66 for entry,6553.666553,"$6564.44 (previous swing low), then $6558.64",,Above $6553.66 (VWAP reclaim invalidates bearish thesis),negative,"Near put wall at $6,475 — dealers buy here, strong support",$269K put flow at $6500 strike with 92% ask aggression. Price at $6565.26. Negative gamma zone — moves will be amplified.,,hit,hit,11014.63,6474.94,t,t,,,
04/02/2026,2:07 PM ET,REGN,algorithm,call,bullish,740.00,"April 2, 2026",387799.00,6.00,60,v2,moderate,f,752.99,At VWAP ($753.90) — Near $752.99,753.90752,"$758.57 (previous swing high), then $759.47",$759.47,Below $750.73 (previous swing low),,,$388K call flow at $740 strike with 100% ask aggression. Price at $752.99 below VWAP ($753.90). Negative gamma zone — moves will be amplified.,,partial,partial_hit,53.94,756.00,t,f,,,
04/02/2026,2:10 PM ET,SPXW,algorithm,put,bearish,6590.00,"April 2, 2026",138000.00,8.00,80,v2,,t,6564.10,Above VWAP ($6553.64) — needs break below $6553.64 for entry,6553.646553,"$6558.64 (previous swing low), then $6555.52",,Above $6553.64 (VWAP reclaim invalidates bearish thesis),positive,"Near call wall at $6,575 — dealers sell here, strong resistance",$138K put flow at $6590 strike with 66% ask aggression. Price at $6564.10. Negative gamma zone — moves will be amplified.,,hit,hit,1632.97,6474.94,t,t,,,
04/02/2026,2:10 PM ET,SPXW,algorithm,put,bearish,6425.00,"April 6, 2026",128570.00,6.50,65,v2,,f,6562.67,Above VWAP ($6553.64) — needs break below $6553.64 for entry,6553.646553,"$6558.64 (previous swing low), then $6555.52",,Above $6553.64 (VWAP reclaim invalidates bearish thesis),negative,"Below gamma flip ($6475) — short gamma territory, moves amplified",$129K put flow at $6425 strike with 0% ask aggression. Price at $6562.67.,,hit,hit,2176.92,6474.94,t,t,,,
04/02/2026,2:12 PM ET,USO,algorithm,put,bearish,135.00,"April 2, 2026",392500.00,6.00,60,v2,moderate,f,137.83,On rejection from VWAP ($136.65) — Near $137.83,136.65137,"$136.78 (previous swing low), then $136.21",$136.21,Above $138.29 (previous swing high),,,$393K put sweep at $135 strike with 99% ask aggression. Price at $137.83 above VWAP ($136.65).,,miss,missed,-61.90,138.48,f,t,,,
04/02/2026,2:13 PM ET,SPX,algorithm,call,bullish,6800.00,"April 17, 2026",146000.00,7.50,75,v2,,f,6565.23,Broke above VWAP ($6553.85) — wait for retest at $6553.85 then enter on bounce,6553.856553,"$6572.21 (previous swing high), then $6573.84",,Below $6553.85 (VWAP break invalidates bullish thesis),positive,"Above gamma flip ($6475) — long gamma territory, moves suppressed",$146K call flow at $6800 strike with 100% ask aggression. Price at $6565.23.,,hit,hit,525.50,6601.91,t,t,,,
04/02/2026,2:16 PM ET,NVDA,whale,put,bearish,177.50,"April 2, 2026",1495175.00,7.00,70,v2,moderate,f,176.73,Whale sweep at $176.73,176.73,"$175.72 (previous swing low), then $173.92",$173.92,Above $176.85 (previous swing high),,,"$1.5M put flow at $177.5 strike with 100% ask aggression. Price at $176.73 above VWAP ($174.89). Negative gamma zone — moves will be amplified. Price action confirmed: SR Tag + 2 Red Bars at $177.17 (lower high, lower low — confirmed).",,miss,missed,20.79,176.52,t,t,,,
04/02/2026,2:19 PM ET,SPXW,algorithm,put,bearish,6450.00,"April 17, 2026",534360.00,7.00,70,v2,,f,6565.69,Above VWAP ($6554.01) — needs break below $6554.01 for entry,6554.016554,"$6564.44 (previous swing low), then $6558.64",,Above $6554.01 (VWAP reclaim invalidates bearish thesis),negative,"Near put wall at $6,475 — dealers buy here, strong support",$534K put flow at $6450 strike with 41% ask aggression. Price at $6565.69. Negative gamma zone — moves will be amplified.,,hit,hit,7260.00,6474.94,t,t,,,
04/02/2026,2:19 PM ET,SPXW,algorithm,call,bullish,6555.00,"April 6, 2026",102810.00,7.00,70,v2,,f,6564.47,Broke above VWAP ($6554.01) — wait for retest at $6554.01 then enter on bounce,6554.016554,"$6567.5 (previous swing high), then $6572.21",,Below $6554.01 (VWAP break invalidates bullish thesis),positive,"Near call wall at $6,575 — dealers sell here, strong resistance",$103K call flow at $6555 strike with 0% ask aggression. Price at $6564.47. Negative gamma zone — moves will be amplified.,,hit,hit,1235.64,6601.91,t,t,,,
04/02/2026,2:19 PM ET,MU,algorithm,call,bullish,380.00,"April 2, 2026",777677.00,6.00,60,v2,moderate,f,364.58,Above VWAP ($356.97) — Near $364.58,356.97364,$365.00 (GEX call wall — likely resistance),R1 at $382.82,Below $361.67 (previous swing low),,,$778K call flow at $380 strike with 100% ask aggression. Price at $364.58 above VWAP ($356.97).,,hit,hit,154.76,365.23,t,f,,,
04/02/2026,2:24 PM ET,GLD,spread,call,bullish,427.00,"April 17, 2026",958080.00,7.00,70,v2,moderate,f,427.57,At or near VWAP ($427.20) with price holding above $426.82,427.20426,$430.00 (GEX call wall — likely resistance),,Below $426.82 (previous swing low),,,"GLD is nearly at-the-money with a well-defined target at PDH $440.19, making the $440 short call a natural ceiling that captures the full expected move. Selling the $440 call meaningfully reduces premium outlay while preserving nearly all the trade's upside, improving risk-reward versus an outright call at elevated gold volatility levels.",,partial,partial_hit,54.73,428.90,t,f,,,
04/02/2026,2:24 PM ET,MU,spread,call,bullish,380.00,"April 17, 2026",777677.00,7.00,70,v2,moderate,f,364.56,Above VWAP ($357.03) with price holding above $361.67 swing low,357.03361,$365.00 (GEX call wall — likely resistance),,Below $361.67 (previous swing low),,,"MU's strike at $380 sits right at PDH $377.89 and just below R1 $382.82, forming a clear resistance ceiling that makes selling the $380 call structurally sound rather than arbitrary. Semiconductor IV tends to be elevated around key levels, so the short call meaningfully reduces cost basis while the spread width captures the full anticipated move.",,hit,hit,152.27,365.23,t,f,,,
04/02/2026,2:28 PM ET,SPX,algorithm,call,bullish,6455.00,"April 17, 2026",924320.00,8.00,80,v2,,t,6558.31,VWAP retest from above at $6554.23 — bounce is your entry,6554.23,"$6567.5 (previous swing high), then $6572.21",,Below $6554.23 (VWAP break invalidates bullish thesis),negative,"Near put wall at $6,475 — dealers buy here, strong support",$924K call flow at $6455 strike with 0% ask aggression. Price at $6558.31. Negative gamma zone — moves will be amplified.,,hit,hit,474.43,6601.91,t,t,,,
04/02/2026,2:37 PM ET,SPX,algorithm,put,bearish,6200.00,"May 15, 2026",2044990.00,6.50,65,v2,,f,6560.58,Above VWAP ($6554.45) — needs break below $6554.45 for entry,6554.456554,"$6558.64 (previous swing low), then $6558.04",,Above $6554.45 (VWAP reclaim invalidates bearish thesis),negative,"Below gamma flip ($6475) — short gamma territory, moves amplified",$2.0M put flow at $6200 strike with 13% ask aggression. Price at $6560.58.,,hit,hit,4414.43,6474.94,t,t,,,
04/02/2026,2:49 PM ET,SPXW,algorithm,put,bearish,6570.00,"April 2, 2026",117000.00,8.00,80,v2,,t,6569.90,Above VWAP ($6554.82) — needs break below $6554.82 for entry,6554.826554,"$6564.44 (previous swing low), then $6558.64",,Above $6554.82 (VWAP reclaim invalidates bearish thesis),positive,"Near call wall at $6,575 — dealers sell here, strong resistance",$117K put flow at $6570 strike with 29% ask aggression. Price at $6569.90. Negative gamma zone — moves will be amplified.,,hit,hit,1739.19,6474.94,t,t,,,
04/02/2026,2:49 PM ET,SPXW,algorithm,call,bullish,6700.00,"April 10, 2026",229000.00,7.00,70,v2,,f,6568.54,VWAP retest from above at $6554.82 — bounce is your entry,6554.82,"$6572.21 (previous swing high), then $6573.84",,Below $6554.82 (VWAP break invalidates bullish thesis),positive,"Above gamma flip ($6475) — long gamma territory, moves suppressed",$229K call flow at $6700 strike with 24% ask aggression. Price at $6568.54.,,hit,hit,909.26,6601.91,t,t,,,
04/02/2026,2:52 PM ET,XOM,whale,call,bullish,165.00,"April 2, 2026",1724541.00,6.00,60,v2,moderate,f,160.75,Whale sweep at $160.75,160.75,VWAP at $162.16,R1 at $166.01,Below $160.38 (previous swing low),,,$1.7M call flow at $165 strike with 100% ask aggression. Price at $160.75 below VWAP ($162.16).,,partial,partial_hit,57.45,161.56,t,t,,,
04/02/2026,2:56 PM ET,SPXW,algorithm,put,bearish,6475.00,"April 6, 2026",409320.00,7.00,70,v2,,f,6570.88,Above VWAP ($6555.3) — needs break below $6555.3 for entry,6555.36555,"$6564.44 (previous swing low), then $6558.64",,Above $6555.3 (VWAP reclaim invalidates bearish thesis),negative,"Near put wall at $6,475 — dealers buy here, strong support",$409K put flow at $6475 strike with 63% ask aggression. Price at $6570.88. Negative gamma zone — moves will be amplified.,,hit,hit,1489.75,6474.94,t,t,,,
04/02/2026,2:56 PM ET,SPXW,algorithm,put,bearish,6275.00,"April 14, 2026",342810.00,6.00,60,v2,,f,6572.47,Above VWAP ($6555.3) — needs break below $6555.3 for entry,6555.36555,"$6564.44 (previous swing low), then $6558.64",,Above $6555.3 (VWAP reclaim invalidates bearish thesis),negative,"Below gamma flip ($6475) — short gamma territory, moves amplified",$343K put flow at $6275 strike with 0% ask aggression. Price at $6572.47.,,hit,hit,1214.57,6474.94,t,t,,,
04/02/2026,2:57 PM ET,NOW,algorithm,call,bullish,102.00,"April 2, 2026",376730.00,7.00,70,v2,moderate,f,101.73,Near $101.73 (no VWAP data),101.73,$103.76,$105.80,Below $99.70,,,$377K call flow at $102 strike with 100% ask aggression. Price at $101.73.,,miss,missed,23.65,102.21,t,f,,,
04/02/2026,2:57 PM ET,SNDK,algorithm,call,bullish,667.50,"April 2, 2026",392074.00,6.00,60,v2,moderate,f,694.74,Near $694.74 (no VWAP data),694.74,$700.00 (GEX call wall — likely resistance),$722.53,Below $680.85,,,$392K call sweep at $667.5 strike with 100% ask aggression. Price at $694.74.,,hit,hit,147.53,702.50,t,f,,,
04/02/2026,3:02 PM ET,MU,algorithm,put,bearish,365.00,"April 2, 2026",640788.00,6.00,60,v2,moderate,f,365.10,Near $365.10 (no VWAP data),365.1,$357.80,$350.50,Above $372.40,,,$641K put flow at $365 strike with 100% ask aggression. Price at $365.10.,,miss,missed,25.21,363.26,t,f,,,
04/02/2026,3:04 PM ET,XOM,spread,call,bullish,165.00,"April 17, 2026",1724541.00,7.00,70,v2,moderate,f,161.38,Confirmed hold above VWAP $162.13 with price reclaiming $162.50,162.13162,$165.00 (GEX call wall — likely resistance),,Below $160.45 (previous swing low),,,"XOM is trading below the $165 strike with a clear institutional target at R1 $166.01, making a $162/$167 vertical spread more efficient than buying the deep $165 call outright — the short $167 call caps gains just above the identified target while meaningfully reducing cost basis and improving risk/reward on a stock that still needs to move ~3% to get in the money on the original strike.",,miss,missed,-2.49,161.29,f,t,,,
04/02/2026,3:06 PM ET,SPX,algorithm,call,bullish,6900.00,"May 15, 2026",383000.00,8.00,80,v2,,t,6570.71,VWAP retest from above at $6555.74 — bounce is your entry,6555.74,"$6572.21 (previous swing high), then $6573.66",,Below $6555.74 (VWAP break invalidates bullish thesis),positive,"Above gamma flip ($6475) — long gamma territory, moves suppressed",$383K call flow at $6900 strike with 100% ask aggression. Price at $6570.71.,,hit,hit,2080.00,6601.91,t,t,,,
04/02/2026,3:08 PM ET,GLD,algorithm,call,bullish,429.00,"April 2, 2026",623946.00,7.00,70,v2,moderate,f,429.63,Above VWAP ($427.29) — Near $429.63,427.29429,$430.00 (GEX call wall — likely resistance),R1 at $440.76,Below $427.73 (previous swing low),,,$624K call flow at $429 strike with 98% ask aggression. Price at $429.63 above VWAP ($427.29). Negative gamma zone — moves will be amplified.,,near_miss,near_miss,67.57,429.88,t,f,correct,already a hit ,04/02/2026 11:34 PM ET
04/02/2026,3:15 PM ET,SPXW,algorithm,call,bullish,6450.00,"April 2, 2026",122640.00,8.00,80,v2,,t,6572.57,VWAP retest from above at $6555.99 — bounce is your entry,6555.99,"$6573.66 (previous swing high), then $6573.84",,Below $6555.99 (VWAP break invalidates bullish thesis),negative,"Near put wall at $6,475 — dealers buy here, strong support",$123K call flow at $6450 strike with 0% ask aggression. Price at $6572.57. Negative gamma zone — moves will be amplified.,,hit,hit,2691.74,6601.91,t,t,,,
04/02/2026,3:18 PM ET,SPXW,algorithm,call,bullish,6575.00,"April 9, 2026",248960.00,8.50,85,v2,,t,6569.19,VWAP retest from above at $6556.19 — bounce is your entry,6556.19,"$6572.21 (previous swing high), then $6573.66",,Below $6556.19 (VWAP break invalidates bullish thesis),positive,"Near call wall at $6,575 — dealers sell here, strong resistance",$249K call flow at $6575 strike with 71% ask aggression. Price at $6569.19. Negative gamma zone — moves will be amplified.,,hit,hit,1083.44,6601.91,t,t,,,
04/02/2026,3:20 PM ET,SNDK,whale,call,bullish,685.00,"April 2, 2026",1848596.00,6.00,60,v2,moderate,f,696.77,Whale sweep at $696.77,696.77,$700.00 (GEX call wall — likely resistance),$724.64,Below $682.83,,,$1.8M call flow at $685 strike with 98% ask aggression. Price at $696.77.,,hit,hit,177.40,702.50,t,f,,,
04/02/2026,3:24 PM ET,QQQ,algorithm,call,bullish,583.00,"April 2, 2026",427084.00,7.00,70,v2,moderate,f,583.75,Near $583.75 (no VWAP data),583.75,$585.00 (GEX call wall — likely resistance),$607.10,Below $581.99 (previous swing low),,,$427K call flow at $583 strike with 99% ask aggression. Price at $583.75. Negative gamma zone — moves will be amplified.,,hit,hit,107.20,585.09,t,f,,,
04/02/2026,3:26 PM ET,SPXW,algorithm,call,bullish,6650.00,"April 6, 2026",127070.00,8.00,80,v2,,t,6568.29,VWAP retest from above at $6556.53 — bounce is your entry,6556.53,"$6572.21 (previous swing high), then $6573.66",,Below $6556.53 (VWAP break invalidates bullish thesis),positive,"Above gamma flip ($6475) — long gamma territory, moves suppressed",$127K call flow at $6650 strike with 70% ask aggression. Price at $6568.29. Negative gamma zone — moves will be amplified.,,hit,hit,857.65,6601.91,t,t,,,
04/02/2026,3:32 PM ET,IWM,algorithm,call,bullish,255.00,"April 2, 2026",705888.00,7.00,70,v2,moderate,f,250.72,Above VWAP ($248.79) — Near $250.72,248.7925,$251.00 (GEX call wall — likely resistance),$257.49,Below $249.76 (previous swing low),,,"$706K call flow at $255 strike with 100% ask aggression. Price at $250.72 above VWAP ($248.79). Negative gamma zone — moves will be amplified. Price action confirmed: Support Bounce + 2 Green Bars at $250.37 (higher low, higher high — confirmed).",,hit,hit,225.00,251.35,t,f,,,
04/02/2026,3:35 PM ET,SPXW,algorithm,put,bearish,6400.00,"April 10, 2026",114240.00,7.50,75,v2,,f,6567.12,Above VWAP ($6556.67) — needs break below $6556.67 for entry,6556.676556,"$6564.44 (previous swing low), then $6558.64",,Above $6556.67 (VWAP reclaim invalidates bearish thesis),negative,"Below gamma flip ($6475) — short gamma territory, moves amplified",$114K put flow at $6400 strike with 100% ask aggression. Price at $6567.12.,,hit,hit,3439.55,6474.94,t,t,,,
04/02/2026,3:37 PM ET,TSLA,algorithm,put,bearish,370.00,"April 2, 2026",325599.00,7.00,70,v2,moderate,f,359.73,Below VWAP ($364.56) — Near $359.73,364.56359,$352.54,$345.34,Above $360.92 (previous swing high),,,$326K put flow at $370 strike with 100% ask aggression. Price at $359.73 below VWAP ($364.56).,,miss,missed,-1.39,359.83,t,t,wrong,"No where close to the price for entry, all the way off ",04/02/2026 11:33 PM ET
04/02/2026,3:37 PM ET,SPY,algorithm,call,bullish,660.00,"April 9, 2026",296326.00,6.00,60,v2,moderate,f,654.38,At VWAP ($652.53) — Near $654.38,652.53654,$655.00 (GEX call wall — likely resistance),PDH at $658.52,Below $653.36 (previous swing low),,,"$296K call flow at $660 strike with 100% ask aggression. Price at $654.38 above VWAP ($652.53). Negative gamma zone — moves will be amplified. Price action confirmed: Support Bounce + 2 Green Bars at $653 (higher low, higher high — confirmed).",,hit,hit,277.42,656.10,t,f,,,
04/02/2026,3:38 PM ET,SPXW,algorithm,put,bearish,6375.00,"April 6, 2026",128210.00,7.50,75,v2,,f,6568.87,Above VWAP ($6556.83) — needs break below $6556.83 for entry,6556.836556,"$6564.44 (previous swing low), then $6558.64",,Above $6556.83 (VWAP reclaim invalidates bearish thesis),negative,"Below gamma flip ($6475) — short gamma territory, moves amplified",$128K put sweep at $6375 strike with 0% ask aggression. Price at $6568.87.,,hit,hit,2120.32,6474.94,t,t,,,
04/02/2026,3:38 PM ET,SPXW,algorithm,put,bearish,6245.00,"April 17, 2026",142250.00,7.00,70,v2,,f,6568.76,Above VWAP ($6556.83) — needs break below $6556.83 for entry,6556.836556,"$6564.44 (previous swing low), then $6558.64",,Above $6556.83 (VWAP reclaim invalidates bearish thesis),negative,"Below gamma flip ($6475) — short gamma territory, moves amplified",$142K put flow at $6245 strike with 11% ask aggression. Price at $6568.76.,,hit,hit,2171.76,6474.94,t,t,,,
04/02/2026,3:44 PM ET,TSLA,algorithm,put,bearish,345.00,"April 2, 2026",333728.00,7.00,70,v2,moderate,f,360.43,Below VWAP ($364.48) — Near $360.43,364.4836,$360.00 (GEX put wall — likely support),$346.01,Above $360.92 (previous swing high),,,$334K put flow at $345 strike with 100% ask aggression. Price at $360.43 below VWAP ($364.48).,,hit,hit,139.53,359.83,t,t,,,
04/02/2026,3:51 PM ET,SPXW,algorithm,call,bullish,6580.00,"April 2, 2026",100600.00,9.00,90,v2,,t,6578.81,VWAP retest from above at $6557.42 — bounce is your entry,6557.42,"$6582.4 (previous swing high), then $6582.44",,Below $6557.42 (VWAP break invalidates bullish thesis),positive,"Near call wall at $6,580 — dealers sell here, strong resistance",$101K call flow at $6580 strike with 24% ask aggression. Price at $6578.81. Negative gamma zone — moves will be amplified.,,hit,hit,643.45,6601.91,t,t,,,
04/02/2026,3:51 PM ET,SPXW,algorithm,put,bearish,6530.00,"April 8, 2026",151980.00,7.00,70,v2,,f,6569.39,Above VWAP ($6557.42) — needs break below $6557.42 for entry,6557.426557,"$6565.36 (previous swing low), then $6564.44",,Above $6557.42 (VWAP reclaim invalidates bearish thesis),positive,"Above gamma flip ($6475) — long gamma territory, moves suppressed",$152K put flow at $6530 strike with 0% ask aggression. Price at $6569.39. Negative gamma zone — moves will be amplified.,,hit,hit,2343.67,6474.94,t,t,,,
04/02/2026,3:54 PM ET,SPXW,algorithm,put,bearish,6540.00,"April 8, 2026",246000.00,8.50,85,v2,,t,6578.83,Above VWAP ($6557.41) — needs break below $6557.41 for entry,6557.416557,"$6565.36 (previous swing low), then $6564.44",,Above $6557.41 (VWAP reclaim invalidates bearish thesis),positive,"Above gamma flip ($6475) — long gamma territory, moves suppressed",$246K put flow at $6540 strike with 100% ask aggression. Price at $6578.83. Negative gamma zone — moves will be amplified.,,hit,hit,771.27,6474.94,t,t,,,
04/02/2026,4:00 PM ET,SPXW,algorithm,call,bullish,6705.00,"April 9, 2026",221200.00,9.00,90,v2,,t,6581.98,VWAP retest from above at $6557.73 — bounce is your entry,6557.73,"$6582.4 (previous swing high), then $6582.44",,Below $6557.73 (VWAP break invalidates bullish thesis),positive,"Above gamma flip ($6475) — long gamma territory, moves suppressed",$221K call flow at $6705 strike with 27% ask aggression. Price at $6581.98. Negative gamma zone — moves will be amplified.,,hit,hit,4745.24,6601.91,t,t,,,
04/02/2026,4:04 PM ET,MSFT,whale,call,bullish,415.00,"April 2, 2026",1053294.00,6.00,60,v2,moderate,f,372.41,Whale sweep at $372.41,372.41,$375.00 (GEX call wall — likely resistance),$387.31,Below $372.01 (previous swing low),,,$1.1M call flow at $415 strike with 100% ask aggression. Price at $372.41 above VWAP ($369.80).,,near_miss,near_miss,33.20,373.27,t,f,,,
04/02/2026,4:24 PM ET,GLD,spread,call,bullish,430.00,"April 17, 2026",850000.00,7.00,70,v2,moderate,f,429.44,Confirmed hold above $429.44 VWAP sweep level with momentum continuation,429.44,$430.00 (GEX call wall — likely resistance),,Below $428.20 (previous swing low),,,"The target is explicitly capped at PDH $440.19 with R1 sitting directly above at $440.76, creating a natural ceiling that makes the $440 short call ideal for offsetting premium cost. GLD options carry elevated IV given macro gold momentum, and selling the $440 call against the $430 long meaningfully reduces cost basis while capturing the full expected move.",,partial,partial_hit,62.50,429.79,t,f,,,
04/02/2026,6:52 PM ET,SMH,whale,put,bearish,375.00,"April 2, 2026",6850000.00,8.00,80,v2,strong,t,391.54,Whale sweep at $391.54,391.54,$390.00 (GEX put wall — likely support),S1 at $386.69,Above $391.95 (previous swing high),,,$6.8M put flow at $375 strike with 100% ask aggression. Price at $391.54 above VWAP ($388.24).,,miss,missed,22.08,391.20,t,f,,,
04/02/2026,8:15 PM ET,QQQ,algorithm,call,bullish,590.00,"April 8, 2026",496320.00,7.00,70,v2,moderate,f,584.80,Near Pivot ($584.16) — $584.80,,PDH at $587.74,R1 at $587.90,Below $584.26 (previous swing low),,,$496K call flow at $590 strike with 100% ask aggression. Price at $584.80. Negative gamma zone — moves will be amplified.,,active,pending,,,f,f,,,
04/03/2026,12:06 AM ET,GLD,algorithm,call,bullish,430.00,"April 10, 2026",850000.00,7.00,70,v2,moderate,f,429.44,Whale sweep at $429.44,,PDH at $440.19,R1 at $440.76,Below $429.41 (previous swing low),,,$850K call sweep at $430 strike with 100% ask aggression. Price at $429.44. Negative gamma zone — moves will be amplified.,,active,pending,,,f,f,,,
04/03/2026,9:23 AM ET,SMH,whale,put,bearish,375.00,"April 10, 2026",6850000.00,8.00,80,v2,strong,t,391.60,Whale sweep at $391.60,,$383.77,$375.94,Above $391.88 (previous swing high),,,$6.8M put flow at $375 strike with 100% ask aggression. Price at $391.60.,,active,pending,,,f,f,,,
04/03/2026,9:30 AM ET,SPXW,algorithm,call,bullish,6605.00,"April 8, 2026",504200.00,10.00,100,v2,,t,6582.69,VWAP retest from above at $6559.4 — bounce is your entry,,$6601.91 (previous swing high),,Below $6559.4 (VWAP break invalidates bullish thesis),positive,"Near call wall at $6,590 — dealers sell here, strong resistance",$504K call flow at $6605 strike with 100% ask aggression. Price at $6582.69. Negative gamma zone — moves will be amplified.,,watching,pending,,,f,f,,,
04/03/2026,9:30 AM ET,SPXW,algorithm,put,bearish,6540.00,"April 8, 2026",246000.00,8.50,85,v2,,t,6578.83,Above VWAP ($6559.4) — needs break below $6559.4 for entry,,"$6550.79 (previous swing low), then $6546.31",,Above $6559.4 (VWAP reclaim invalidates bearish thesis),positive,"Above gamma flip ($6475) — long gamma territory, moves suppressed",$246K put flow at $6540 strike with 100% ask aggression. Price at $6578.83. Negative gamma zone — moves will be amplified.,,watching,pending,,,f,f,,,
04/03/2026,9:30 AM ET,SPXW,algorithm,put,bearish,6500.00,"April 9, 2026",131790.00,8.50,85,v2,,t,6582.69,Above VWAP ($6559.4) — needs break below $6559.4 for entry,,"$6550.79 (previous swing low), then $6546.31",,Above $6559.4 (VWAP reclaim invalidates bearish thesis),negative,"Near put wall at $6,475 — dealers buy here, strong support",$132K put flow at $6500 strike with 94% ask aggression. Price at $6582.69. Negative gamma zone — moves will be amplified.,,watching,pending,,,f,f,,,
04/03/2026,9:30 AM ET,SPXW,algorithm,call,bullish,6580.00,"April 10, 2026",4596550.00,9.00,90,v2,,t,6582.69,VWAP retest from above at $6559.4 — bounce is your entry,,$6601.91 (previous swing high),,Below $6559.4 (VWAP break invalidates bullish thesis),positive,"Near call wall at $6,590 — dealers sell here, strong resistance",$4.6M call flow at $6580 strike with 0% ask aggression. Price at $6582.69. Negative gamma zone — moves will be amplified.,,watching,pending,,,f,f,,,
04/03/2026,9:30 AM ET,SPXW,algorithm,call,bullish,6760.00,"May 1, 2026",1846430.00,9.00,90,v2,,t,6582.68,VWAP retest from above at $6559.4 — bounce is your entry,,$6601.91 (previous swing high),,Below $6559.4 (VWAP break invalidates bullish thesis),positive,"Above gamma flip ($6475) — long gamma territory, moves suppressed",$1.8M call flow at $6760 strike with 90% ask aggression. Price at $6582.68.,,watching,pending,,,f,f,,,
04/03/2026,9:30 AM ET,SPXW,algorithm,call,bullish,6705.00,"April 9, 2026",221200.00,9.00,90,v2,,t,6581.98,VWAP retest from above at $6559.4 — bounce is your entry,,$6601.91 (previous swing high),,Below $6559.4 (VWAP break invalidates bullish thesis),positive,"Above gamma flip ($6475) — long gamma territory, moves suppressed",$221K call flow at $6705 strike with 27% ask aggression. Price at $6581.98. Negative gamma zone — moves will be amplified.,,watching,pending,,,f,f,,,
04/03/2026,9:30 AM ET,SPXW,algorithm,call,bullish,6570.00,"April 2, 2026",161170.00,9.00,90,v2,,t,6579.60,VWAP retest from above at $6559.4 — bounce is your entry,,$6601.91 (previous swing high),,Below $6559.4 (VWAP break invalidates bullish thesis),positive,"Near call wall at $6,590 — dealers sell here, strong resistance",$161K call flow at $6570 strike with 42% ask aggression. Price at $6579.60. Negative gamma zone — moves will be amplified.,,watching,pending,,,f,f,,,
04/03/2026,9:30 AM ET,SPXW,algorithm,call,bullish,6600.00,"April 8, 2026",531200.00,8.50,85,v2,,t,6582.69,VWAP retest from above at $6559.4 — bounce is your entry,,$6601.91 (previous swing high),,Below $6559.4 (VWAP break invalidates bullish thesis),positive,"Near call wall at $6,590 — dealers sell here, strong resistance",$531K call flow at $6600 strike with 0% ask aggression. Price at $6582.69. Negative gamma zone — moves will be amplified.,,watching,pending,,,f,f,,,
04/03/2026,9:30 AM ET,SPXW,algorithm,call,bullish,6720.00,"May 1, 2026",320970.00,8.50,85,v2,,t,6582.69,VWAP retest from above at $6559.4 — bounce is your entry,,$6601.91 (previous swing high),,Below $6559.4 (VWAP break invalidates bullish thesis),positive,"Above gamma flip ($6475) — long gamma territory, moves suppressed",$321K call flow at $6720 strike with 100% ask aggression. Price at $6582.69.,,watching,pending,,,f,f,,,
04/03/2026,9:30 AM ET,SPXW,algorithm,call,bullish,6670.00,"April 6, 2026",269380.00,8.50,85,v2,,t,6582.68,VWAP retest from above at $6559.4 — bounce is your entry,,$6601.91 (previous swing high),,Below $6559.4 (VWAP break invalidates bullish thesis),positive,"Above gamma flip ($6475) — long gamma territory, moves suppressed",$269K call flow at $6670 strike with 0% ask aggression. Price at $6582.68. Negative gamma zone — moves will be amplified.,,watching,pending,,,f,f,,,
04/03/2026,9:30 AM ET,SPXW,algorithm,put,bearish,6530.00,"April 8, 2026",151980.00,7.00,70,v2,,f,6569.39,Above VWAP ($6559.4) — needs break below $6559.4 for entry,,"$6550.79 (previous swing low), then $6546.31",,Above $6559.4 (VWAP reclaim invalidates bearish thesis),positive,"Above gamma flip ($6475) — long gamma territory, moves suppressed",$152K put flow at $6530 strike with 0% ask aggression. Price at $6569.39. Negative gamma zone — moves will be amplified.,,watching,pending,,,f,f,,,
04/03/2026,9:30 AM ET,SPXW,algorithm,call,bullish,6700.00,"April 10, 2026",231000.00,7.50,75,v2,,f,6577.37,VWAP retest from above at $6559.4 — bounce is your entry,,$6601.91 (previous swing high),,Below $6559.4 (VWAP break invalidates bullish thesis),positive,"Above gamma flip ($6475) — long gamma territory, moves suppressed",$231K call flow at $6700 strike with 77% ask aggression. Price at $6577.37. Negative gamma zone — moves will be amplified.,,watching,pending,,,f,f,,,
04/03/2026,11:13 AM ET,MSFT,whale,call,bullish,415.00,"April 10, 2026",1053294.00,6.00,60,v2,moderate,f,372.41,Whale sweep at $372.41,,$379.86,$387.31,Below $364.96,,,$1.1M call flow at $415 strike with 100% ask aggression. Price at $372.41.,,active,pending,,,f,f,,,
